{{DisambiguationFull
|logo             = [[File:Amazing Spider-Man by Nick Spencer Logo.png|center|400px]]
| Main Character  = [[Peter Parker]]; Amazing Spider-Man Vol 3 1 Ross Variant Textless.jpg
|description      = As a result of a [[Radioactive Spider|radioactive spider]] bite, high schooler [[Peter Parker]] developed powers and abilities similar to that of a spider. After Peter's selfishness indirectly resulted in the death of his beloved [[Uncle Ben]], Peter decided to live up to the motto that "With great power there must also come great responsibility," and thus became the superhero known as Spider-Man.

<center>{{Portal
| Box1  = [[Ben Reilly]]<br/>{{g|Currently [[Scarlet Spider]]}}; Ben Reilly (Earth-616) from Sensational Spider-Man Vol 1 0 0001.png
| Box2  = [[Doctor Octopus|Otto Octavius /<br/>"Peter Parker"]]<br/>{{g|Currently deceased}}; Superior Spider-Man Vol 1 14 Textless.jpg
}}</center>
<center>{{Portal
| Box1  = [[Spider-Man 2099|Miguel O'Hara]]<br/>{{g|Currently without an alias}}; Spider-Man 2099 Vol 2 3 Textless.jpg
| Box2  = [[Miles Morales]]<br/>{{g|Currently Spider-Man}}; Miles Morales (Earth-1610) from Miles Morales Spider-Man Vol 1 10 001.jpg
}}</center>

| Others1         = [[Aaron Aikman]]; Edge of Spider-Verse Vol 1 3 Textless.jpg
| Others2         = [[Ai Apaec]]; Ai Apaec (Earth-616) from Avengers NOW! Vol 1 1 001.png
| Others3         = [[Uncle Ben|Ben Parker]]; Benjamin Parker (Earth-3145) from Amazing Spider-Man Vol 3 13 0001.png
| Others4         = [[Benjamin Parker II|Ben Parker II]]; Benjamin Parker II (Earth-TRN759) and Faye Ito (Earth-TRN759) from Spider-Man Vol 3 2 001.jpg
| Others5         = [[Spider-UK|Billy Braddock]]; William Braddock (Earth-833) from Amazing Spider-Man Vol 3 7 002.jpg
| Others6         = [[Character Index/C#Charlie|Charlie]]; Charlie (Earth-616) from Amazing Mary Jane Vol 1 3 0001.jpg
| Others7         = [[Chameleon|Dmitri Smerdyakov]]; Dmitri Smerdyakov (Earth-616) as Spider-Man (Earth-616).jpg
| Others8         = [[Eddie Brock]]; Edward Brock (Earth-91110) and Venom (Klyntar) (Earth-91110) from What If? Vol 2 31 001.jpg
| Others9         = [[Ezekiel Sims]]; Ezekiel Sims (Earth-4) from Edge of Spider-Verse Vol 1 5 001.png
| Others10        = [[Flash Thompson]]; Eugene Thompson (Earth-24133) from Venom Vol 2 13.3 001.jpg
| Others11        = [[Gerry Drew]]; Gerald Drew (Earth-982) 004.jpg
| Others12        = [[Harry Osborn]]; Harold Osborn (Earth-12041) and Venom (Symbiote) (Earth-12041) from Ultimate Spider-Man (Animated Series) Season 1 8 0002.jpg
| Others13        = [[Hobie Brown]]; Hobart Brown (Earth-138) 001.png
| Others14        = [[Kaine|Kaine Parker]]; Peter Parker (Kaine) (Earth-616) 027.jpeg
| Others15        = [[James Howlett|Logan]]; James Howlett (Earth-Unknown) from Secret Wars Battleworld Vol 1 3 0007.jpg
| Others16        = [[Scorpion|Mac Gargan]]; MacDonald Gargan (Earth-616) from Dark Avengers Vol 1 1 0001.jpg
| Others17        = [[Spider-Man 2211|Max Borne]]; Max Borne (Earth-9500) from Friendly Neighborhood Spider-Man Vol 1 9 0001.jpg
| Others18        = [[Character Index/P#Phil|Phil]]; Phil (Spider-Man impersonator) (Earth-616) Spider-Man Unlimited Vol 1 4 0001.jpg
| Others19        = [[Quentin Beck]]; Quentin Beck (Earth-616) from Amazing Spider-Man Vol 1 13 001.jpg
| Others20        = [[Spider-Carnage (Peter Parker's Clone)|Spider-Carnage]]; Spider-Carnage (Earth-98311) and Carnage (Klyntar) (Earth-98311) from Spider-Man The Animated Series Season 5 12 0003.jpg
| Others21        = [[Spider-Skrull]]; Peter Parker (Skrull) (Earth-10219).jpg
| Others22        = [[Venom (Symbiote)|Venom]]; Peter Parker (Earth-616) with Venom (Symbiote) (Earth-616) for the first time.jpg
| Others23        = [[Spider-Man (Arcade Android) (Earth-616)|Android<br/>(Arcade)]]; Spider-Man (Arcade Android) (Earth-616) from Ghost-Spider Annual Vol 1 1 001.jpg
| Others24        = [[Spider-Man (Android) (Earth-616)|Android<br/>(Doctor Octopus)]]; Peter Parker (Robot) (Earth-616) from Superior Spider-Man Team-Up Vol 11 001.jpg
| Others25        = [[Spider-Man (A.I.vengers) (Earth-616)|A.I. Duplicate]]; Spider-Man (A.I.vengers) (Earth-616) from Secret Empire Vol 1 6 001.png
| Others26        = [[Armored Spider-Man (Zabo's Mutates) (Earth-616)|Armored Spider-Man Impostor<br/>(Zabo's Mutates)]]; Armored Spider-Man (Zabo's mutates) (Earth-616) from Sensational Spider-Man Vol 2 36 0001.jpg
| Others27        = [[Asset 42 (Earth-616)|Asset 42]]; No Image Male.jpg
| Others28        = [[Black Spider-Man (Zabo's Mutates) (Earth-616)|Black Spider-Man Impostor<br/>(Zabo's Mutates)]]; Black Spider-Man (Zabo's mutates) (Earth-616) from Sensational Spider-Man Vol 2 36 0001.jpg
| Others29        = [[Chinese Spider-Man (Zabo's Mutates) (Earth-616)|Chinese Spider-Man Impostor<br/>(Zabo's Mutates)]]; Chinese Spider-Man (Zabo's mutates) (Earth-616) from Sensational Spider-Man Vol 2 35 0001.jpg
| Others30        = [[Strategic Homeland Intervention, Enforcement and Logistics Division (Earth-616)/Members#Gabe|Gabe]]; Gabe (S.H.I.E.L.D.) (Earth-616) from Spider-Man Vol 2 11 0001.jpg
| Others31        = [[Jack (Spider-Clone) (Earth-616)|Jack<br/>(Spider-Clone)]]; Jack (Spider-Clone) (Earth-616) from Amazing Spider-Man Vol 1 399 0001.png
| Others32        = [[Kamala Khan (Earth-616)|Kamala Khan /<br/>"Peter Parker"]]; Kamala Khan (Earth-616) from Ms. Marvel Team-Up Vol 1 2 002.jpg
| Others33        = [[Latino Spider-Man (Zabo's Mutates) (Earth-616)|Latino Spider-Man Impostor<br/>(Zabo's Mutates)]]; Latino Spider-Man (Zabo's mutates) (Earth-616) from Sensational Spider-Man Vol 2 36 0001.jpg
| Others34        = [[Marc Noletti (Earth-616)|Marc Noletti]]; Marc Noletti (Earth-616) from Peter Parker, The Spectacular Spider-Man Vol 1 114 0001.jpg
| Others35        = [[Mary Jane Watson (Earth-616)|Mary Jane Watson]]; Friendly Neighborhood Spider-Man Vol 2 11 Textless.jpg
| Others36        = [[Martha Franklin (Earth-616)|Mattie Franklin]]; Martha Franklin (Earth-616) from Amazing Spider-Man Vol 2 1 0001.jpg
| Others37        = [[Mike (Spider-Man Impostor) (Earth-616)|Mike]]; Mike (Spider-Man Impostor) (Earth-616) from Spider-Man Family Vol 2 9 0002.jpg
| Others38        = [[Otto Octavius (Duplicate) (Earth-616)|Otto Octavius<br/>(Duplicate)]]; Otto Octavius (Duplicate) (Earth-616) from Amazing Spider-Man Vol 4 20 001.jpg
| Others39        = [[Peter Parker (New U Duplicate) (Earth-616)|Peter Parker 2.0]]; Peter Parker (New U Duplicate) (Earth-616) from Amazing Spider-Man Vol 4 20 003.jpg
| Others40        = [[Peter Parker (Tony Richards) (Earth-616)|Peter Parker<br/>(Temporal Paradox)]]; Peter Parker (Tony Richards) (Earth-616) from Amazing Spider-Man & Silk- The Spider(fly) Effect Infinite Comic Vol 1 2 001.jpg
| Others41        = [[Peter Petruski (Earth-616)|Peter Petruski]]; Peter Petruski (Earth-616) from Fantastic Four Vol 1 218 0001.jpg
| Others42        = [[Ron Corbett (Earth-616)|Ron Corbett]]; Ron Corbett (Earth-616) from Web of Spider-Man Vol 1 21 0001.jpg
| Others43        = [[Screwball (Earth-616)|Screwball]]; Screwball (Earth-616) from Amazing Spider-Man Vol 1 562 001.jpg
| Others44        = [[Peter Parker (Isotope Genome Accelerator Duplicate) (Earth-616)|Spider-Man<br/>(Duplicate)]]; Amazing Spider-Man Vol 5 3 Second Printing Variant Textless.png
| Others45        = [[Spider-Man Impostor (Zabo's Mutates) (Earth-616)|Spider-Man Impostor<br/>(Zabo's Mutates)]]; Spider-Man Impostor (Zabo's mutates) (Earth-616) from Sensational Spider-Man Vol 2 36 0001.jpg
| Others46        = [[Benjamin Reilly (Zabo's Mutates) (Earth-616)|Spider-Man II Impostor<br/>(Zabo's Mutates)]]; Benjamin Reilly (Zabo's Mutates) (Earth-616) from Sensational Spider-Man Vol 2 37 0001.jpg
| Others47        = [[Spider-Skeleton (Earth-616)|Spider-Skeleton<br/>(Spider-Clone)]]; Spider-Skeleton.jpeg
| Others48        = [[Spidercide (Earth-616)|Spidercide<br/>(Spider-Clone)]]; Peter Parker (Spidercide) (Earth-616) from Spider-Man Vol 1 58.jpeg
| Others49        = [[Headmistress Soo (Earth-616)|Soo /<br/>"Peter Parker"]]; Headmistress Soo (Earth-616) from Spider-Man Deadpool Vol 1 1.MU 001.jpg
| Others50        = [[Spiderman (1940s) (Earth-616)|The Spiderman<br/>(1940s criminal)]]; Spiderman (1940s) (Earth-616) from Blonde Phantom Comics Vol 1 2 0001.jpg
| Others51        = [[Theodore Altman (Earth-616)|Theodore Altman]]; Theodore Altman (Earth-616) as Spider-Man from Young Avengers - 1 (Vol 2).jpg
| Others52        = [[Spider-Man (Tsum Tsum) (Earth-616)|Tsum Tsum]]; Amazing Spider-Man Vol 4 16 Marvel Tsum Tsum Takeover Variant Textless.jpg
| Others53        = [[Vincent Gonzales (Earth-616)|Vincent Gonzales]]; Vincent Gonzales (Earth-616) 0001.jpg
| Others54        = [[Wade Wilson (Earth-616)|Wade Wilson]]; Deadpool Annual Vol 3 2 Textless.jpg
| Others55        = [[Felix Lifson (Earth-1036)|Felix Lifson<br/>(Actor)]]; Felix Lifson (Earth-1036) from Web Warriors Vol 1 10 001.jpg
| Others56        = [[Fake Spider-Man (Earth-1048)|Unnamed impostor]]; Fake Spider-Man (Earth-1048) from Marvel's Spider-Man (video game) 001.png
| Others57        = [[Spider-Man (Earth-1137)|Spider-Man]]; Spider-Man (Earth-1137) from New Exiles Vol 1 18 0001.jpg
| Others58        = [[Chameleon (Earth-1610)|Chameleon]]; Ultimate Comics Spider-Man Vol 1 13 Textless.jpg
| Others59        = [[Spider-Man (Android) (Earth-6311)|Timespinner<br/>(Spider-Man Android)]]; Spider-Man Robot (Earth-616).jpg
| Others60        = [[Zoltan Amadeus (Earth-8107)|Zoltan Amadeus]]; Zoltan Amadeus (Earth-8107) from Spider-Man and His Amazing Friends Season 3 4 0001.jpg
| Others61        = [[Spider-Man (Earth-10011)|Spider-Man]]; Spider-Man (Earth-10011) from Thanos Imperative Vol 1 4 001.jpg
| Others62        = [[Daniel Rand (Earth-12041)|Danny Rand]]; No Image Male.jpg
| Others63        = [[Loki Laufeyson (Earth-12041)|Loki Laufeyson /<br/>"Peter Parker"]]; No Image Male.jpg
| Others64        = [[Hive (Poisons) (Earth-17952)/Members#Poison Spider-Man|Spider-Man<br/>(Poison)]]; Hive (Poisons) (Earth-17952) Members-Poison Spider-Man from Venomverse Vol 1 1 001.png
| Others65        = [[Jay T. Thomas (Earth-20007)|Jay T. Thomas]]; Jay T. Thomas (Earth-20007) from Marvels Comics Group Spider-Man Vol 1 1.jpg
| Others66        = [[Spider-Man (Actor) (Earth-38119)|Spider-Man<br/>(Actor)]]; Spider-Man (actor) (Earth-38119) cut.jpg
| Others67        = [[Norman Osborn (Earth-44145)|Norman Osborn]]; Edge of Spider-Geddon Vol 1 4 Hamner Variant Textless.jpg
| Others68        = [[Buddy Tyson (Earth-47004)|Buddy Tyson]]; Buddy Tyson (Earth-47004) from Amazing Spider-Man Vol 1 700.4 001.jpg
| Others69        = [[Takuya Yamashiro (Earth-51778)|Takuya Yamashiro]]; Takuya Yamashiro (Earth-51778) from Supaidaman (TV series) 003.jpg
| Others70        = [[Obnoxio the Clown (Earth-57882)|Obnoxio the Clown]]; Obnoxio the Clown (Earth-57882) What If Vol 1 34.jpg
| Others71        = [[Spider-Man (Earth-61211)|Spider-Man<br/>(Alien of Spidera)]]; Spider-Man (Earth-61211) from Amazing Spider-Girl Vol 1 1 001.jpg
| Others72        = [[Yu Komori (Earth-70019)|Yu Komori]]; Yu Komori (Earth-70019) from Spider-Man The Manga Vol 1 1.jpg
| Others73        = [[Bruce Banner (Earth-70105)|Bruce Banner]]; Bruce Banner (Earth-70105) from Bullet Points Vol 1 4 001.jpg
| Others74        = [[Spider-Man (Nino) (Earth-77013)|Nino]]; Spider-Man (Nino) (Earth-77013) from Spider-Man Newspaper Strips Vol 1 1979.jpg
| Others75        = [[Ted Chambers (Earth-77013)|Ted Chambers]]; Ted Chambers (Earth-77013) Spider-Man Newspaper Strips.jpg
| Others76        = [[Peter Parker (Poppupian) (Earth-95397)|Poppupian]]; Peter Parker (Poppupian) (Earth-95397).jpg
| Others77        = [[Spider-Man (Earth-313710)|Spider-Man]]; Spider-Man (Earth-313710) 001.png
| Others78        = [[You (Earth-TRN135)|You]]; You (Earth-TRN135) from What If? Vol 2 34 0001.jpg
| Others79        = [[Peter Parker (Benjamin Reilly) (Earth-TRN406)|Peter Parker<br/>(Temporal Paradox)]]; Peter Parker (Benjamin Reilly) (Earth-TRN406) from Spider-Man 101 Ways to End the Clone Saga Vol 1 1 001.jpg
| Others80        = [[Nurotox (Earth-TRN461)|Nurotox]]; Nurotox (Earth-TRN461) Spider-Man from Spider-Man Unlimited (video game) 002.jpg
| Others81        = [[Peter Parker (Dormammuverse) (Earth-TRN461)|Peter Parker<br/>(Dormammuverse)]]; Peter Parker (Dormammuverse) (Earth-TRN461) from Spider-Man Unlimited (video game) 003.jpg
| Others82        = [[Peter Parker (Pocket Universe) (Earth-TRN461)|Peter Parker<br/>(Pocket Universe)]]; Peter Parker (Pocket Universe) (Earth-TRN461) from Spider-Man Unlimited (video game) 002.jpg
| Others83        = [[Gabriel O'Hara II (Earth-TRN660)|Gabri O'Hara]]; Gabriel O'Hara (Miguel's son) (Earth-TRN660) from Spider-Man 2099 Vol 3 23 001.jpg
| Others84        = [[Spider-Man (Earth-TRN767)|Spider-Man]]; Spider-Man (Earth-TRN767) from Spider-Man 2099 Vol 4 1 001.jpg
| Others85        = [[Spider-Man (Unknown Reality)|Spider-Man]]; Spider-Man (Earth-Unknown) from Spider-Verse Vol 1 2 001.jpg
| Others86        = [[Spider-Man (Unknown Reality)|Spider-Man]]; Spider-Man (Earth-Unknown) from Spider-Verse Vol 3 1 001.jpg
| Others87        = [[Stan Lee (Unknown Reality)|Stan Lee]]; Stan Lee (Earth-Unknown) from Spider-Geddon Vol 1 5 001.jpg

| Related1        = [['Spinner]]; Marvel Comics Presents Vol 2 1 page 24 'Spinner (Earth-616).jpg
| Related2        = [[Anansi]]; Kwaku Anansi (Earth-616).png
| Related3        = [[Arachno-Man]]; Arachno-Man (Earth-1610) from Ultimate Spider-Man Vol 1 54 001.jpg
| Related4        = [[Arachknight]]; Infinity Wars Arachknight Vol 1 1 Textless.jpg
| Related5        = [[Arácnido]]; Arácnido, Jr. (Earth-15349) from Spider-Verse Vol 1 2 0002.jpg
| Related6        = [[Blood Spider]]; Michael Bingham (Earth-616) from Venom Vol 2 37 Page 10.png
| Related7        = [[Devil-Spider]]; Devil-Spider (Earth-616) from Superior Spider-Man Vol 1 24 001.jpg
| Related8        = [[Doppelganger]]; Doppelganger (Spider-Man) (Earth-616) from Carnage Vol 1 1 001.jpg
| Related9        = [[Father Spider]]; Marvel Comics Presents Vol 2 1 page 23 Father Spider (Earth-616).jpg
| Related10       = [[Flipside]]; Flipside (Earth-928) from Spider-Man 2099 Vol 1 30 Cover.jpg
| Related11       = [[Ghost-Spider]]; Spider-Gwen Ghost-Spider Vol 1 1 Second Printing Variant Textless.jpg
| Related12       = [[Iron Spider]]; Aaron Davis (Earth-1610) from Miles Morales Spider-Man Vol 1 1 001.jpg
| Related13       = [[Lady Spider]]; May Reilly (Earth-803) 001.jpg
| Related14       = [[Man-Spider]]; Man spider 616.png
| Related15       = [[Masked Marvel]]; Peter Parker (Earth-16220) from Spidey Vol 1 1 001.jpg
| Related16       = [[Nurotox]]; Marvel Comics Presents Vol 2 1 page 25 Nurotox (Earth-616).jpg
| Related17       = [[Scarlet Spider]]; Scarlet Spider.png
| Related18       = [[SP//dr]]; Peni Parker (Earth-8) from Spider-Gwen Vol 2 18 001.jpg
| Related19       = [[Spider]]; Peter Parker (Earth-TRN633) from Marvel's Spider-Man Origin Season 1 5 001.jpg
| Related20       = [[Spider-Armor]]; Amazing Spider-Man Vol 4 1 Textless.jpg
| Related21       = [[Spider-Bitch]]; Ashley Barton (Earth-807128) from Wolverine Vol 3 68 0001.jpg
| Related22       = [[Spider-Boy]]; Peter Ross (Earth-9602) from Amalgam Comics (Trading Cards) 0002.jpg
| Related23       = [[Spider-Carnage]]; Absolute Carnage vs. Deadpool Vol 1 3 Codex Variant Textless.jpg
| Related24       = [[Spider-Cat]]; Spider-Cat (Earth-999).png
| Related25       = [[Spidercide]]; Spidercide (Earth-616) from Spider-Man The Jackal Files Vol 1 1 0001.jpg
| Related26       = [[Spider-Clone]]; Ben Reilly (Earth-616) from Amazing Spider-Man Vol 1 149 0001.jpg
| Related27       = [[Spider-Cop]]; Spider-Cop (Earth-19919) from Spider-Geddon Vol 1 5 001.jpg
| Related28       = [[Spider-Demon]]; Spider-Demon (Earth-32081) from Exiles Vol 1 8 0001.jpg
| Related29       = [[Spider-Girl]]; Spider-Girl Vol 1 80 Textless.jpg
| Related30       = [[Spider-Goblin]]; Spider-Goblin (Norman Osborn) (Earth-12041).png
| Related31       = [[Gwen Stacy|Spider-Gwen]]; Spider-Gwen Vol 2 2 Chiang Variant Textless.jpg
| Related32       = [[Spider-Ham]]; Peter Porker (Earth-8311) from Amazing Spider-Man Vol 3 9 0001.png
| Related33       = [[Hercules|Spider-Herc]]; Hercules (Earth-616) from Herc Vol 1 7 0001.jpg
| Related34       = [[Spider Hero]]; Spider Hero-Ronin (Mighty Avengers).png
| Related35       = [[Spider-Horse]]; Patrick O'Hara (Earth-31913) and Widow (Earth-31913) from Amazing Spider-Man Vol 3 12 001.png
| Related36       = [[Spider-Hulk]]; Spider-Hulk (Zabo's mutates) (Earth-616) from Sensational Spider-Man Vol 2 36 0001.jpg
| Related37       = [[Spider-Kid]]; Spider-Kid (Earth-71166) from Fantastic Four The End Vol 1 2 0001.jpg
| Related38       = [[Spider-Lady]]; Jessica Drew (Earth-1610) from Ultimate Spider-Man Vol 1 103 (Cover).jpg
| Related39       = [[Spiderling]]; Anna-May Parker (Earth-18119) from Amazing Spider-Man Renew Your Vows Vol 2 14 Cover 001.png
| Related40       = [[Spider-Ma'am]]; May Reilly (Earth-3123) from Spider-Verse Team-Up Vol 1 3 001.jpg
| Related41       = [[Spider-Man's Suit]]; Amazing Spider-Man Vol 1 692 Textless.jpg
| Related42       = [[Spider-Man's Symbiote]]; Spider-Man Family Vol 2 1 Textless.jpg
| Related43       = [[Spider-Mech]]; Marvel Comics Presents Vol 2 1 page 19 Spider-Mech (Earth-616).jpg
| Related44       = [[Spider-Mobile]]; Peter Parkedcar (Earth-53931) from Amazing Spider-Man Vol 3 12 001.png
| Related45       = [[Spider-Monkey]]; Peter Parker (Earth-95019) from Marvel Apes Amazing Spider-Monkey Special Vol 1 1 006.jpg
| Related46       = [[Spider-Punk]]; Hobart Brown (Earth-138) 002.jpg
| Related47       = [[Spider Supreme]]; Peter Rogers (Warp World) (Earth-616) from Secret Warps Arachknight Annual Vol 1 1 001.png
| Related48       = [[Spider-Venom]]; Peter Parker (Earth-982) 001.jpg
| Related49       = [[Spider-Woman]]; Spider-Woman Vol 5 5 Anka Variant Textless.jpg
| Related50       = [[Spider-X]]; Brian Kornfield (Earth-616) from Midnight Sons Unlimited Vol 1 3 001.gif
| Related51       = [[Spiders Man]]; Spiders Man (Earth-9997).jpg
| Related52       = [[Spyder-Man]]; Peter Urich (Earth-12311) from Armor Wars Vol 1 1 001.jpg
| Related53       = [[Steel Spider]]; Oliver Osnick (Earth-616) from Thunderbolts Vol 1 114 001.jpg
| Related54       = [[Superior Spider-Man]]; Otto Octavius (Earth-616) from Amazing Spider-Man Vol 3 10 002.jpeg
| Related55       = [[Ultimate Spider-Woman]]; Jessica Drew (Earth-1610) from Ultimate Spider-Man Vol 1 98 (Cover).jpg
| Related56       = [[Ultimate Tarantula]]; Peter Parker (Tarantula) (Earth-1610) 0001.png
| Related57       = [[Web-Man]]; Web-Man (Earth-57780) from Spidey Super Stories Vol 1 25 001.jpg
| Related58       = [[Webslinger]]; Webslinger (Eurth) (Earth-616) from Avataars Covenant of the Shield Vol 1 2 0001.jpg
| Related59       = [[Wolf Spider]]; Peter Parker (Earth-TRN578) from Ultimate Spider-Man TV Series 001.jpg
| Related60       = [[Ben Reilly (Earth-616)|Canadian Spider-Man]]; Ben Reilly (Earth-616) from Cosmic Ghost Rider Destroys Marvel History Vol 1 6 001.jpg
| Related61       = [[Friendly Neighborhood (Andy) (Earth-616)|Friendly Neighborhood]]; Friendly Neighborhood (Andy) (Earth-616) from Ben Reilly Scarlet Spider Vol 1 3 001.jpg
| Related62       = [[Hammer Supreme (Warp World) (Earth-616)|The Hammer Supreme]]; Hammer Supreme (Warp World) (Earth-616) from Secret Warps Iron Hammer Annual Vol 1 1 001.jpg
| Related63       = [[Longlegs Secundus (Earth-616)|Longlegs Secundus]]; Marvel Comics Presents Vol 2 1 page 21 Longlegs Secundus (Earth-616).jpg
| Related64       = [[Pseter Psarker (Earth-616)|Psider-Man]]; Marvel Comics Presents Vol 2 1 page 22 Psider-Man (Earth-616).jpg
| Related65       = [[Spider-Bandits (Earth-616)|Spider-Bandits]]; Spider-Bandits (Earth-616) Concept Art.png
| Related66       = [[Spider-Bite (Nathan) (Earth-616)|Spider-Bite]]; Friendly Neighborhood Spider-Man Vol 2 6 Second Printing Variant.jpg
| Related67       = [[Sean Boyle (Earth-616)|Spider-Mugger]]; Sean Boyle (Earth-616).jpg
| Related68       = [[Spider (Earth-1610)|The Spider]]; Spider-Man (Avenger) (Earth-1610) 0001.jpg
| Related69       = [[John Jonah Jameson III (Earth-3145)|Astro-Spider]]; John Jonah Jameson III (Earth-3145) from Spider-Force Vol 1 2.jpg
| Related70       = [[Izumi (Earth-7930)|Izumi]]; Spider-Man Fairy Tales Vol 1 3 page 18 Izumi (Earth-7930).jpg
| Related71       = [[Spider-Mole (Earth-8311)|Spider-Mole]]; Spider-Mole (Earth-8311) from All-New, All-Different Avengers Annual Vol 1 1 001.jpg
| Related72       = [[Spider-Mouse (Earth-9047)|Spider-Mouse]]; Spider-mouse (Earth-9047) from What The-- Vol 1 18.jpg
| Related73       = [[Pesky Parkinsons (Earth-9047)|Spittle-Man]]; Pesky Parkinsons (Earth-9047) from What The-- Vol 1 14.jpg
| Related74       = [[Spiders-Man (Earth-11580)|Spiders-Man]]; Spiders-Man (Earth-11580) from Superior Spider-Man Vol 2 9 001.png
| Related75       = [[Paul Palmer (Earth-12041)|Arachnikid]]; Paul Palmer (Earth-12041) 001.png
| Related76       = [[Bone-Spider (Earth-12041)|Bone-Spider]]; Bone-Spider (Earth-12041) from Ultimate Spider-Man (Animated Series) Season 4 23 001.jpg
| Related77       = [[Goliath-Spider (Earth-12041)|Goliath-Spider]]; Goliath-Spider (Earth-12041).jpg
| Related78       = [[Oliver Osnick (Earth-12041)|Webby]]; Oliver Osnick (Earth-12041) 001.png
| Related79       = [[Miles Morales (Earth-17628)|Spy-D]]; Miles Morales (Earth-TRN633) from Marvel's Spider-Man (animated series) Season 1 9 001.png
| Related80       = [[Norman Osborn (Earth-17628)|Stealth Spider]]; Norman Osborn (Earth-17628) from Marvel's Spider-Man (animated series) Season 1 19.jpg
| Related81       = [[Spider-Zero (Earth-19166)|Spider-Zero]]; Spider-Zero (Earth-19166) from Spider-Verse Vol 3 1 001.jpg
| Related82       = [[Sea-Spider (Earth-19192)|Sea-Spider]]; Sea-Spider (Earth-19192) from Spider-Verse Vol 3 6 001.jpg
| Related83       = [[Doreen Green (Earth-19747)|Squirrel Girl]]; Doreen Green (Earth-19747) from Unbeatable Squirrel Girl Vol 1 5 001.jpg
| Related84       = [[Peter Parker (Earth-19919)|Baron Spider-Man]]; Peter Parker (Earth-19919) from Spider-Island Vol 1 5 001.jpg
| Related85       = [[Sun-Spider (Earth-20023)|Sun-Spider]]; Sun-Spider (Earth-20023) from Spider-Verse Vol 3 6 001.jpg
| Related86       = [[Spider-Pop Pop (Earth-21011)|Spider-Pop Pop]]; Spider-Pop Pop (Earth-21011).jpg
| Related87       = [[Peter Parker (Earth-21205)|The Goblin]]; Peter Parker (Earth-21205) from Spider-Verse Team-Up Vol 1 2 001.png
| Related88       = [[Venice Doadi (Earth-23233)|White Widow]]; Venice Doadi (Earth-23233) from Spider-Verse Vol 3 6 001.jpg
| Related89       = [[Spidey-Baby (Earth-23492)|Spidey-Baby]]; Spidey-Baby (Earth-23492) and Peter Parker (Earth-23492) from What If Vol 2 34 0001.jpg
| Related90       = [[Webster (Earth-31232)|Webster]]; Webster (Earth-31232) from Spider-Man Annual Vol 3 1 001.jpg
| Related91       = [[Patrick O'Hara (Earth-31913)|Web-Slinger]]; Spider-Verse Vol 3 4 Textless.jpg
| Related92       = [[Spider-God (Earth-34281)|Spider-God]]; Spider-God (Earth-34281) X-Men Unlimited Vol 1 41 0001.jpg
| Related93       = [[Spider-Sting (Earth-38418)|Spider-Sting]]; Spider-Sting (Earth-38418) from Spider-Verse Vol 3 6 001.jpg
| Related94       = [[V (Earth-43890)|V]]; V (Earth-43890) from Spider-Verse Vol 3 6 001.jpg
| Related95       = [[Petunia Parker (Earth-71925)|Garden-Spider]]; Petunia Parker (Earth-71925) from Spider-Verse Vol 3 6 001.jpg
| Related96       = [[Eugene Thompson (Earth-78127)|Captain Spider]]; Eugene Thompson (Earth-78127) from What If Vol 1 7 001.jpg
| Related97       = [[John Jonah Jameson III (Earth-78327)|Spider-Jameson,<br/>the Super Astronaut]]; John Jonah Jameson III (Earth-78327) from What If Vol 1 7 001.jpg
| Related98       = [[Peter Parkbury (Earth-82586)|Spider-Person]]; Peter Parkbury (Earth-82586) from Crazy Vol 1 86.jpg
| Related99       = [[Peter Parker (Earth-83043)|The Savage Spider-Man]]; Peter Parker (Earth-TRN729) from Vault of Spiders Vol 1 1.jpg
| Related100      = [[Spidey-Ball (Earth-88039)|Spidey-Ball]]; Spidey-Ball (Earth-88039) from Marvel Tales Vol 2 209.jpg
| Related101      = [[Spidair (Earth-91202)|Spidair]]; Spidair (Earth-91202) from Spider-Verse Vol 3 6 001.jpg
| Related102      = [[Kevin Green (Earth-93060)|Spider-Prime]]; Kevin Green (Earth-93060) from Prime Vol 2 1 0001.jpg
| Related103      = [[Spinster (Earth-93191)|The Spinster]]; Spinster (Earth-93191) from Spider-Verse Vol 3 6 001.jpg
| Related104      = [[Peter Parker (Earth-96283)|The Human Spider]]; Peter Parker (Earth-96283) from Spider-Man (2002 film) 001.png
| Related105      = [[Polymnia Swan (Earth-98117)|Spider-Requiem]]; Polymnia Swan (Earth-98117) from Spider-Verse Vol 3 6 001.jpg
| Related106      = [[Arachnosaur (Earth-99476)|Arachnosaur]]; Arachnosaur (Earth-99476) from Excalibur Vol 1 51 0001.jpg
| Related107      = [[Spider-Monster (Earth-1411319)|Spider-Monster]]; Spider-Monster (Earth-1411319) from Spider-Verse Vol 3 1 001.jpg
| Related108      = [[Lord Spider (Earth-10113519)|Lord Spider]]; Lord Spider (Earth-10113519) from Spider-Verse Vol 3 6 001.jpg
| Related109      = [[Dingle Dog (Earth-333333333)|Spider-Hound]];Spider-Hound.jpg
| Related110      = [[Peter Parker (Earth-TRN365)|Slinger]]; Peter Parker (Earth-TRN365) from Marvel's Avengers Assemble Season 1 15 002.png
| Related111      = [[Miles Morales (Earth-TRN457)|Kid Arachnid]]; Miles Morales (Earth-TRN457) from Ultimate Spider-Man (Animated Series) Season 3 11 001.jpg
| Related112      = [[Peter Parker (Earth-TRN568)|Spider-Raptor]]; Peter Parker (Spider-Raptor) from Hulk and the Agents of S.M.A.S.H. Season 2 19.jpg
| Related113      = [[Peter Parker (Earth-TRN603)|Web-Beard, the Sea Lord]]; Peter Parker (Earth-TRN603) from Ultimate Spider-Man Season 4 17 001.png
| Related114      = [[Wade Wilson (Earth-TRN664)|Spider-Pool]]; Wade Wilson (Earth-TRN664) from Deadpool Kill the Marvel Universe Vol 1 2 001.jpg
| Related115      = [[Digital Spider-Man (Unknown Reality)|Digital Spider-Man]]; Digital Spider-Man (Earth-Unknown) from Spider-Geddon Vol 1 5 001.jpg
| Related116      = [[Spider-Man (Unknown Reality)|Sea Spider-Monkey]]; Spider-Man (Earth-Unknown) from Crazy Vol 4 1 0001.jpg
| Related117      = [[Peter Porker (Unknown Reality)|Spider-Human]]; Peter Porker (Earth-Unknown) from Spider-Ham 25th Anniversary Special Vol 1 1 002.jpg
| Related118      = [[George Tarleton (Unknown Reality)|Spider-Man M.O.D.O.K.]]; George Tarleton (Earth-Unknown) from Secret Wars Battleworld Vol 1 1 0002.jpg
| Related119      = [[Peter Parker (Unknown Reality)|Spider-Swine]]; Peter Parker (Earth-Unknown) from Amazing Spider-Man Full Circle Vol 1 1 001.jpg

| Teams1          = [[Spider Clan]]; Spider Clan (Earth-2301) from Spider-Man Legend of the Spider-Clan Vol 1 5 0001.png
| Teams2          = [[Spider Friends]]; Spider-Friends (Earth-91119) 005.jpeg
| Teams3          = [[Spider Society]]; Societyofspiders.gif
| Teams4          = [[Spider-Army]]; Web Warriors (Earth-13) from Amazing Spider-Man Vol 3 12 001.png
| Teams5          = [[Spider-Clones]]; Spider-Clones (Earth-TRN239) from Unlimited Access Vol 1 4 001.jpg
| Teams6          = [[Spider-Friends]]; Peter Parker (Earth-8107) 0001.jpg
| Teams7          = [[Spider-Gang]]; Miles Morales (Earth-TRN700) Peter Parker (Earth-TRN701) Gwendolyn Stacy (TRN702) Peter Parker (Earth-TRN703) Peni Parker (Earth-TRN704) and Peter Porker (Earth-TRN705) from Spider-Man Into the Spider-Verse 002.jpg
| Teams8          = [[Spider-Men]]; Spider-Men (Multiverse) from Spider-Man The Animated Series Season 5 12 0001.jpg
| Teams9          = [[Spider-Slayers]]; Spider-Slayers (Earth-138) from Web Warriors Vol 1 7 001.jpg
| Teams10         = [[Spider-Soldiers]]; Spider-Soldiers (Earth-12041) 001.jpg
| Teams11         = [[Spider-Squad]]; Spider-Squad (Earth-616) Amazing Spider-Man Annual Vol 1 11 0002.jpg
| Teams12         = [[Spiderlings]]; Spiderlings (Earth-616) from Superior Carnage Vol 1 5 0001.jpg
| Teams13         = [[Superior Spider-Army]]; Spider-Force Vol 1 1 Textless.jpg
| Teams14         = [[Web-Warriors]]; Web Warriors (Earth-12041) 004.png
| Teams15         = [[Anti-Spider Squad (Earth-616)|Anti-Spider Squad<br/>(A.S.S.)]]; Anti-Spider Squad (Earth-616) from Peter Parker Vol 1 2 0001.jpg
| Teams16         = [[Galactic Alliance of Spider-Men (Earth-616)|Galactic Alliance of Spider-Men]]; Marvel Comics Presents Vol 2 1 page 19-20 Galactic Alliance of Spider-Men (Earth-616).jpg
| Teams17         = [[Spider-Man Revenge Squad (Earth-616)|Spider-Man Revenge Squad]]; Spectacular Spider-Man Vol 1 246.jpg
| Teams18         = [[Web Spinners (Earth-616)|Web Spinners]]; Web Spinners (Earth-616) from Ben Reilly Scarlet Spider Vol 1 3 001.jpg
| Teams19         = [[Waves Spiders (Earth-928)|Spider-Waves]]; No Image Team.jpg
| Teams20         = [[Spider-Man Twins (Earth-1610)|Spider-Man Twins]]; Spider-Man Twins (Earth-1610) Miles Morales the Ultimate Spider-Man Vol 1 1.jpg
| Teams21         = [[Team Amazing (Earth-TRN461)|Team Amazing]]; Team Amazing (Earth-TRN461).png
| Teams22         = [[Spider-Force (Earth-TRN461)|Spider-Force]]; Spider-Men (Earth-TRN461) from Spider-Man Unlimited (video game) 189.jpg
| Teams23         = [[Unfriendly Neighborhood Spider-Men (Earth-Unknown)|Unfriendly Neighborhood Spider-Men]]; Unfriendly Neighborhood Spider-Men (Earth-Unknown) from Marvel Super Hero Squad Online 0001.jpg
| Teams24         = [[Amazing Arachnids (Multiverse)]]; Amazing Arachnids (Multiverse) and Seething Snikters (Multiverse) from Deadpool Too Soon? Infinite Comic Vol 1 6.jpg
}}
[[ru:Человек-паук]]
[[pt-br:Homem-Aranha]]