"{{Disambig\n| Image                   = [[File:Superman 0008.jpg|150px|alt=Kal-El (New Earth)|link=Kal-El (New Earth)]]\n| ImageText               = Superman\n| MainPage                = Kal-El (New Earth)\n| Era1                    = Modern\n\n| Image2                  = [[File:Superman Vol 5 1 Textless.jpg|150px|alt=Kal-El (New Earth)|link=Superman (Clark Kent)]]\n| Image2Text              = Superman\n| MainPage2               = Kal-El (Prime Earth)\n| Era2                    = New 52\n\n| Description             = '''[[Kal-El (New Earth)|Superman]]''', also known as the Man of Steel, is one of the most powerful superheroes in the [[DC Universe]]. His abilities include incredible super-strength, super-speed, invulnerability, freezing breath, flight, and heat-vision. Born as '''[[Kal-El]]''' on the dying planet '''[[Krypton]]''', his parents [[Jor-El]] and [[Lara Lor-Van|Lara]] sent him in a [[Kryptonian Rocket|rocket]] to the planet [[Earth]] where he would be the last surviving member of his [[Kryptonians|race]]. His rocket was discovered by the kindly [[Jonathan Kent|Jonathan]] and [[Martha Kent]], who raised him as their son '''[[Clark Kent]]''' in the town of '''[[Smallville]]''', [[Kansas]]. His upbringing provided him with strong moral values, and life-long friends [[Lana Lang]] and [[Pete Ross]]. In his secret identity he works as a reporter at the [[Daily Planet]] in the city of '''[[Metropolis]]'''. This is where he interacts with his love interest [[Lois Lane]], and his co-workers [[Perry White]] and [[Jimmy Olsen]]. His greatest nemesis is the brilliant super-villain '''[[Lex Luthor]]'''. To preserve the memory of his home planet and provide him rest from his double-life and adventures, he maintains a [[Fortress of Solitude]] at the [[North Pole]]. Superman remains proud of his dual heritage, taking seriously the lessons of his birth-parents and his adopted parents. Although he is an alien to this world, he heavily values his humanity, and fights with conviction for truth, justice, and the American way. There are several other heroes inspired by or directly related to his legacy, including '''[[Superboy]]''' and '''[[Supergirl]]'''. He is also a member of the '''[[Justice League of America]]''' and the '''[[Legion of Super-Heroes]]'''. \n\n''Superman'' was created by [[Jerry Siegel]] and [[Joe Shuster]] in [[1938]], first appearing in {{c|Action Comics #1}}. His [[Team Superman|supporting cast]] and his [[Superman Villains|villains]] have had a lengthy [[Superman Publication History|publication history]], making him one of the three most important characters at [[DC Comics]] including [[Batman]] and [[Wonder Woman]]. \n\n| Gallery                 = \n<gallery mode=\"packed-hover\">\nFile:Superman Earth-Two 0001.jpg|{{thumbnav|Kal-L (Earth-Two)|Earth-Two|[[Golden Age]]|Kal-L}}\nFile:Superman Earth-One 001.jpg|{{thumbnav|Kal-El (Earth-One)|Earth-One|[[Silver Age]]|Kal-El}}\n</gallery>\n\n==Successors==\n<gallery mode=\"packed-hover\">\nFile:Steel 0001.jpg|{{thumbnav|John Henry Irons (New Earth)|New Earth|[[Reign of the Supermen]]|Steel}}\nFile:Eradicator Superman.jpg|{{thumbnav|Eradicator (New Earth)|New Earth|[[Reign of the Supermen]]|Eradicator}}\nFile:Sboy1.jpg|{{thumbnav|Kon-El (New Earth)|New Earth|[[Reign of the Supermen]]|Superboy}}\nFile:Cyborg Superman 004.jpg|{{thumbnav|Henry Henshaw (New Earth)|New Earth|[[Reign of the Supermen]]|Cyborg Superman}}\nFile:Action_Comics_Vol_1_967_Textless.jpg|{{thumbnav|Alexander Luthor (Prime Earth)|Prime Earth|[[DC Rebirth|Rebirth]]|Lex Luthor}}\n</gallery>\n<gallery mode=\"packed-hover\">\nFile:Don-El.png|{{thumbnav|Don-El (Earth-One)|Earth-One|[[Superman Emergency Squad]]|Don-El}}\nFile:Denny_Swan_(Prime_Earth)_0001.jpg|{{thumbnav|Denny Swan (Prime Earth)|Prime Earth|Superman villain|Denny Swan}}\nFile:New_Super-Man_Vol_1_1_Textless_Variant.jpg|{{thumbnav|Kong Kenan (Prime Earth)|Prime Earth|[[New Super-Man Vol 1|New Super-Man of China]]|Kong Kenan}}\nFile:Super-Man Zero (Prime Earth) 0001.jpg|{{thumbnav|Super-Man Zero (Prime Earth)|Prime Earth|[[Ministry of Self-Reliance]]|Emperor Super-Man}}\nFile:Superwoman_Vol_1_3_Variant_Textless.jpg|{{thumbnav|Lana Lang (Prime Earth)|Prime Earth|[[DC Rebirth|Rebirth]]|Superwoman}}\nFile:JLA_Doom_Patrol_Special_Vol_1_1_Textless.jpg|{{thumbnav|Milkman Man (Prime Earth)|Prime Earth|[[Milk Wars]]|Milkman Man}}\nFile:Superman Son of Kal-El Vol 1 1 Virgin Variant.jpg|{{thumbnav|Jonathan Samuel Kent (Prime Earth)|Prime Earth|[[Infinite Frontier]]|Jon Kent}}\n</gallery>\n\n==Multiverse==\n===[[The New 52]] [[Multiverse]]===\n<gallery mode=\"packed-hover\">\nFile:Superman Earth-1 015.jpg|{{thumbnav|Kal-El (Earth-1)|Earth 1|[[DC: Earth One]]|Kal-El}}\nFile:Kal-L Earth 2 002.jpg|{{thumbnav|Kal-El (Earth 2)|Earth 2|[[New 52]]|Kal-El}}\nFile:Earth 2 Vol 1 18 Textless.jpg|{{thumbnav|Brutaal (Earth 2)|Earth 2|[[New 52]]|Brutaal}}\nFile:Earth 2 Vol 1 25 Textless.jpg|{{thumbnav|Val-Zod (Earth 2)|Earth 2|[[New 52]]|Val-Zod}}\nFile:Kal-Il 0001.jpg|{{thumbnav|Kal-Il (Earth 3)|Earth 3|[[Forever Evil]]|Ultraman}}\nFile:Overman (Earth 10).jpg|{{thumbnav|Kal-L (Earth 10)|Earth 10|[[The Multiversity: Mastermen Vol 1 1|The Mastermen]]|Overman}}\nFile:Superwoman (Earth 11) 001.jpg|{{thumbnav|Superwoman (Earth 11)|Earth 11|[[Justice Guild (Earth 11)|Justice Guild]]|Superwoman}}\nFile:Etrigan (Earth 13) 002.jpg|{{thumbnav|Etrigan (Earth 13)|Earth 13|[[League of Shadows (Earth 13) |League of Shadows]]|Superdemon}}\nFile:Superman (Earth 14) 01.jpg|{{thumbnav|Superman (Earth 14)|Earth 14|[[Justice League of Assassins (Earth 14)|Justice League of Assassins]]|Superman}}\nFile:Clark Kent Earth 15 01.jpg|{{thumbnav|Kal-El (Earth 15)|Earth 15|[[Green Lantern: Blackstars Vol 1|Blackstars Universe]]|Superman}}\nFile:None.jpg|{{thumbnav|Kal-El (Earth 16)|Earth 16|[[The Multiversity: The Just|The Just]]|Kal-El}}\nFile:Christopher Kent (Earth 16) 02.jpg|{{thumbnav|Christopher Kent (Earth 16)|Earth 16|[[The Multiversity: The Just|The Just]]|Chris Kent}}\nFile:Saganowana (Earth 18).png|{{thumbnav|Saganowana (Earth 18)|Earth 18|[[Justice Riders (Earth 18)|Justice Riders]]|Saganowana}}\nImage:Action Comics Vol 2 9 Textless.png|{{thumbnav|Kalel (Earth 23)|Earth 23||Kalel}}\nFile:Bizarro-Superman (Earth 29) 001.jpg|{{thumbnav|Bizarro-Superman (Earth 29)|Earth 29|[[Unjustice League of Unamerica]]|Bizarro-Superman}}\nFile:Super-Martian Earth 32 0002.jpg|{{thumbnav|Kal (Earth 32)|Earth 32|[[Justice Titans]]|Super-Martian}}\nFile:Savior (Earth 34).jpg|{{thumbnav|Savior (Earth 34)|Earth 34|[[Light Brigade]]|Savior}}\nFile:Supremo (Earth 35).jpg|{{thumbnav|Supremo (Earth 35)|Earth 35|[[Super-Americans]]|Supremo}}\nFile:Optiman (Earth 36).jpg|{{thumbnav|Optiman (Earth 36)|Earth 36|[[Justice 9]]|Optiman}}\nFile:Kal-El Earth 42 001.png|{{thumbnav|Kal-El (Earth 42)|Earth 42|[[Little League (Earth 42)|Little League]]|Kal-El}}\nFile:Ultraman (Earth 43) 001.jpg|{{thumbnav|Ultraman (Earth 43)|Earth 43|[[Blood League (Earth 43)|Blood League]]|Superman}}\nFile:None.jpg|{{thumbnav|Gold Superman (Earth 44)|Earth 44|[[Doc Tornado]]'s [[Metal Men]]|Gold Superman}}\nFile:Clark Kent Earth 45 0001.jpg|{{thumbnav|Clark Kent (Earth 45)|Earth 45|[[Action Comics Vol 2 9|The Curse of Superman]]|Clark Kent}}\nFile:Action Comics Vol 2 16 Textless.jpg|{{thumbnav|Superdoom (Earth 45)|Earth 45|[[Action Comics Vol 2 9|The Curse of Superman]]|Superdoom}}\nFile:None.jpg|{{thumbnav|Sunshine Superman (Earth 47)|Earth 47|[[Love Syndicate (Earth 47)|Love Syndicate]]|Sunshine Superman}}\n</gallery>\n\n===[[Dark Multiverse]]===\n<gallery mode=\"packed-hover\">\nFile:Kal-El_Earth_-1_0001.jpg|{{thumbnav|Kal-El (Earth -1)|Earth -1|[[Batman: The Devastator Vol 1 1|The Devastator]]|Superman}}\nFile:Justice_League_Earth_-12_0001.JPG|{{thumbnav|Kal-El (Earth -12)|Earth -12|[[Batman: The Merciless Vol 1 1|The Merciless]]|Superman}}\nFile:Kal-El_Earth_-22_0001.JPG|{{thumbnav|Kal-El (Earth -22)|Earth -22|[[The Batman Who Laughs Vol 1 1|The Batman Who Laughs]]|Superman}}\nFile:Justice_League_Earth_-44_0001.JPG|{{thumbnav|Kal-El (Earth -44)|Earth -44|[[Batman: The Murder Machine Vol 1 1|The Murder Machine]]|Superman}}\nFile:Kal-El_Earth_-52_0001.JPG|{{thumbnav|Kal-El (Earth -52)|Earth -52|[[Batman: The Red Death Vol 1 1|The Red Death]]|Clark Kent}}\nFile:Rant Dark Multiverse 0001.jpg|{{thumbnav|Rant (Dark Multiverse)|Dark Multiverse|[[Unseen (Dark Multiverse)|The Unseen]]|Rant}}\nFile:Kentclark Dark Multiverse 0001.jpg|{{thumbnav|Kentclark (Dark Multiverse)|Dark Multiverse|[[Unseen (Dark Multiverse)|The Unseen]]|Kentclark}}\nFile:Kal-El Dark Multiverse Death of Superman 01.jpg|{{thumbnav|Kal-El (Dark Multiverse: Death of Superman)|Dark Multiverse|[[Tales from the Dark Multiverse: The Death of Superman Vol 1 1|The Death of Superman]]|Kal-El}}\nFile:Kal-El Dark Multiverse Infinite Crisis 001.png|{{thumbnav|Kal-El (Dark Multiverse: Infinite Crisis)|Dark Multiverse|[[Tales from the Dark Multiverse: Infinite Crisis Vol 1 1|Infinite Crisis]]|Kal-El}}\nFile:Kal-L Dark Multiverse Earth-Two 001.jpg|{{thumbnav|Kal-L (Dark Multiverse: Infinite Crisis)|Dark Multiverse|[[Tales from the Dark Multiverse: Infinite Crisis Vol 1 1|Infinite Crisis]]|Kal-L}}\nFile:Kal-El Dark Multiverse Earth-Prime 001.jpg|{{thumbnav|Superboy-Prime (Dark Multiverse: Infinite Crisis)|Dark Multiverse|[[Tales from the Dark Multiverse: Infinite Crisis Vol 1 1|Infinite Crisis]]|Superboy-Prime}}\nFile:Kal-El Dark Multiverse Teen Titans The Judas Contract 001.jpg|{{thumbnav|Kal-El (Dark Multiverse: Teen Titans: The Judas Contract)|Dark Multiverse|[[Tales from the Dark Multiverse: Teen Titans: The Judas Contract Vol 1 1|The Judas Contract]]|Kal-El}}\nFile:Kal-El Dark Multiverse Dark Nights Metal 0001.jpg|{{thumbnav|Kal-El (Dark Multiverse: Dark Nights Metal)|Dark Multiverse|[[Tales from the Dark Multiverse: Dark Nights Metal Vol 1 1|Tales from the Dark Multiverse: Dark Nights Metal]]|Kryptothrax}}\nFile:Last Sun Dark Multiverse 001.jpg|{{thumbnav|Last Sun (Last 52 Multiverse)|Last 52 Multiverse|[[Dark Nights: Death Metal]]|The Last Sun}}\nFile:Superman & Wonder Woman Dark Multiverse Blackest Night 0001.jpg|{{thumbnav|Kal-El (Dark Multiverse: Blackest Night)|Dark Multiverse|[[Tales from the Dark Multiverse: Blackest Night Vol 1 1|Blackest Night]]|Kal-El}}\n</gallery>\n\n===[[52 Vol 1|52]] [[Multiverse]]===\n<gallery mode=\"packed-hover\">\nFile:Superman Earth-1 015.jpg|{{thumbnav|Kal-El (Earth-1)|Earth-1|[[DC: Earth One]]|Kal-El}}\nFile:Superman Batman Wonder Woman Earth-2.jpg|{{thumbnav|Kal-L (Earth-2)|Earth-2|[[Justice Society Infinity]]|Kal-L}}\nFile:Ultraman Earth-3 001.jpg|{{thumbnav|Ultraman (Earth-3)|Earth-3|[[Crime Society]]|Ultraman}}\nFile:Allen Adams Earth 4 01.jpg|{{thumbnav|Allen Adam (Earth-4)|Earth-4|[[Captain Atom|Allen Adam]]|Quantum Superman}}\nFile:Captain_Marvel_Earth-5.png|{{thumbnav|Billy Batson (Earth-5)|Earth-5|[[Captain Marvel|Analouge]]|Captain Marvel}}\nFile:Herr Superman Earth-8.jpg|{{thumbnav|Kal-El (Earth-8)|Earth-8|[[Monarch's Army]]|Herr Superman}}\nFile:Earth-9 Superman 01.jpg|{{thumbnav|Harvey Dent (Earth-9)|Earth-9|[[Tangent Comics]]|Harvey Dent}}\nFile:Superman Earth-10 001.jpg|{{thumbnav|Superman (Earth-10)|Earth-10|[[JLAxis (Earth-10)|JLAxis]]|Superman}}\nFile:Overman (Earth-10) 001.png|{{thumbnav|Kal-L (Earth-10)|Earth-10|[[Final Crisis: Superman Beyond|Superman Beyond]]|Overman}}\nFile:Superwoman Earth-11.png|{{thumbnav|Superwoman (Earth-11)|Earth-11|Reverse Gender|Superwoman}}\nFile:Superman (Earth-15).jpg|{{thumbnav|Zod (Earth-15)|Earth-15|[[Countdown to Final Crisis]]|Zod}}\nFile:Christopher Kent Arena 001.jpg|{{thumbnav|Christopher Kent (Earth-16)|Earth-16|[[Countdown: Arena]]|Chris Kent}}\nFile:Superman-youngjustice.jpg|{{thumbnav|Kal-El (Earth-16)|Earth-16|[[Young Justice (TV Series)|Young Justice]]|Kal-El}}\nFile:Superdemon Earth-17.png|{{thumbnav|Etrigan (Earth-17)|Earth-17|[[Superman Beyond]]|Superdemon}}\nFile:Clark Kent Earth-18.png|{{thumbnav|Clark Kent (Earth-18)|Earth-18|[[Justice Riders]]|Colonel Kent}}\nFile:Superman (New Frontier).png|{{thumbnav|Kal-L (Earth-21)|Earth-21|[[DC: The New Frontier]]|Kal-L}}\nFile:Justice Society Vol 3 10 Textless.jpg|{{thumbnav|Kal-El (Earth-22)|Earth-22|[[Kingdom Come]]|Kal-El}}\nFile:Superman Red Son 02.jpg|{{thumbnav|Kal-L (Earth-30)|Earth-30|[[Superman: Red Son]]|Kal-L}}\nFile:Superman DKR 01.jpg|{{thumbnav|Kal-El (Earth-31)|Earth-31|[[Dark Knight Returns]]|Kal-El}}\nFile:Kal El Earth-32.jpg|{{thumbnav|Kal-El (Earth-32)|Earth-32|[[In Darkest Knight]]|Kal-El}}\nFile:Kal-El_Earth-33_01.jpg|{{thumbnav|Kal-El (Earth-33)|Earth-33|[[League of Shamans]]|Kal-El}}\nFile:Superman Earth-40 001.jpg|{{thumbnav|Dru-Zod (Earth-40)|Earth-40|[[Liberty Files]]|Dru-Zod}}\nFile:Majestic02.jpg|{{thumbnav|Majestros (Wildstorm Universe)|Earth-50|[[WildC.A.T.s]]|Mr. Majestic}}\nFile:Apollo Wildstorm Universe 0001.jpg|{{thumbnav|Apollo (Wildstorm Universe)|Earth-50|[[The Authority]]|Apollo}}\nFile:High 0001.jpg|{{thumbnav|John Cumberland (Wildstorm Universe)|Earth-50|[[The Changers]]|The High}}\nFile:Superman Earth-51.png|{{thumbnav|Kal-El (Earth-51)|Earth-51|[[Countdown Vol 1|Countdown]]|Kal-El}}\nFile:Kal-El DCeased 0001.jpg|{{thumbnav|Kal-El (DCeased)|DCeased|[[DCeased]]|Kal-El}}\nFile:Jonathan Kent DCeased 003.jpg|{{thumbnav|Jonathan Samuel Kent (DCeased)|DCeased|[[DCeased]]|Jon Kent}}\nFile:World Forger 0002.jpg|{{thumbnav|Alpheus (Sixth Dimension)|Sixth Dimension|[[DC Rebirth]]|World Forger}}\n</gallery>\n\n===[[Pre-Crisis]] [[Multiverse]]===\n<gallery mode=\"packed-hover\">\nFile:Super-Menace Earth-One 0003.jpg|{{thumbnav|Kal-El (Duplicate) (Earth-One)|Earth-One|Energy force duplicate|Super-Menace}}\nFile:Composite Superman 1.jpg|{{thumbnav|Joseph Meach (Earth-One)|Earth-One|([[Composite Superman|other versions]])|Composite Superman}}\nImage:Marvel Man.png|{{thumbnav|Ken Clark (Earth-One)|Earth-One|Terran Doppelgänger|Marvel Man}}\nFile:Superwoman Turnabout Trap 001.jpg|{{thumbnav|Superwoman (Turnabout Trap)|Earth-One|[[Superman Vol 1 349|Turnabout Trap]]|Superwoman}}\nFile:Clara Kent Turnabout Trap 001.jpg|{{thumbnav|Clara Kent (Turnabout Trap)|Earth-One|[[Superman Vol 1 349|Turnabout Trap]]|Clara Kent}}\nFile:Superman-Prime (Countdown 14).jpg|{{thumbnav|Kal-El (Earth-Prime)|Earth-Prime|[[Superman-Prime]]|Kal-El}}\nFile:Ultraman.jpg|{{thumbnav|Clark Kent (Antimatter Universe)|Antimatter Universe|[[Crime Syndicate of Amerika (Antimatter Universe)|Crime Syndicate]]|Ultraman}}\nFile:Ultraman II Antimatter Universe 01.jpg|{{thumbnav|Ultraman II (Antimatter Universe)|Antimatter Universe|[[The Brave and the Bold Vol 3|The Brave and the Bold]]|Ultraman II}}\nFile:Ultra-Man Earth-Three 001.jpg|{{thumbnav|Ultraman (Earth-Three)|Earth-Three|[[Crime Syndicate of America|Crime Syndicate]]|Ultraman}}\nFile:Freedom Brigade 001.jpg|{{thumbnav|Barb-Ell (Earth-Twelve)|Earth-Twelve|[[Freedom Brigade]]|Mister Might}}\nFile:Superman Earth-Twelve 001.jpg|{{thumbnav|Kal-El (Earth-Twelve)|Earth-Twelve|[[Inferior Five Vol 1|Inferior Five]]|Kal-El}}\nFile:Kal-El Earth-Nineteen.jpg|{{thumbnav|Kal-El (Earth-Nineteen)|Earth-Nineteen|[[Superman's Girl Friend, Lois Lane Vol 1 19|Mr. and Mrs. Clark (Superman) Kent!]]|Kal-El}}\nFile:Kal-El Earth Twenty-Five.jpg|{{thumbnav|Kal-El (Earth-Twenty-Five)|Earth-Twenty-Five|[[Superman's Girl Friend, Lois Lane Vol 1 25|Lois Lane and Superman, Newlyweds!]]|Kal-El}}\nFile:Kal-El Earth-Twenty-Six 0001.jpg|{{thumbnav|Kal-El (Earth-Twenty-Six)|Earth-Twenty-Six|[[Superman's Girl Friend, Lois Lane Vol 1 26|The Day Superman Married Lana Lang!]]|Kal-El}}\nFile:None.jpg|{{thumbnav|Kal-El (Earth-Thirty-Four)|Earth-Thirty-Four|[[Superman's Girl Friend, Lois Lane Vol 1 34|The Bride of Luthor!]]|Kal-El}} \nFile:None.jpg|{{thumbnav|Kal-El (Earth-Thirty-Six)|Earth-Thirty-Six|[[Superman's Girl Friend, Lois Lane Vol 1 36|Lana Lang's Romance with Superman III]]|Kal-El}}\nFile:None.jpg|{{thumbnav|Lawrence Kent (Earth-Thirty-Six)|Earth-Thirty-Six|[[Superman's Girl Friend, Lois Lane Vol 1 36|Lana Lang's Romance with Superman III]]|Larry Kent}}\nFile:None.jpg|{{thumbnav|Superman III (Earth-Thirty-Six)|Earth-Thirty-Six|[[Superman's Girl Friend, Lois Lane Vol 1 36|Lana Lang's Romance with Superman III]]|Superman III}}\nFile:None.jpg|{{thumbnav|Kal-El (Earth-Forty-Three)|Earth-Forty-Three|[[Superman's Girl Friend, Lois Lane Vol 1 43|The Girl Who Mourned for Superman!]]|Kal-El}}\nFile:None.jpg|{{thumbnav|Clark Kent (Earth-Forty-Seven)|Earth-Forty-Seven|[[Superman's Girl Friend, Lois Lane Vol 1 47|The Super-Life of Lois Lane!]]|Clark Kent}}\nFile:None.jpg|{{thumbnav|Kal-El (Earth-Fifty-One)|Earth-Fifty-One|[[Superman's Girl Friend, Lois Lane Vol 1 51|The Three Wives of Superman!]]|Kal-El}}\nFile:None.jpg|{{thumbnav|Kal-El (Earth-57)|Earth-57|[[Superman's Girl Friend, Lois Lane Vol 1 57|Lois Lane -- Super-Babysitter!]]|Kal-El}}\nFile:None.jpg|{{thumbnav|Kal-El (Earth-64)|Earth-64|[[Superman's Girl Friend, Lois Lane Vol 1 64|The Lawless Lois Lane!]]|Kal-El}}\nFile:Justice Society Vol 3 10 Textless.jpg|{{thumbnav|Kal-El (Earth-22)|Earth-96|[[Kingdom Come]]|Kal-El}}\nFile:None.jpg|{{thumbnav|Kal-El (Earth-89)|Earth-89|[[Superman's Girl Friend, Lois Lane Vol 1 89|The Bride of Batman!]]|Kal-El}}\nFile:None.jpg|{{thumbnav|Kal-El (Earth-91)|Earth-91|[[Superman's Girl Friend, Lois Lane Vol 1 91|Love is Blind!]]|Kal-El}}\nFile:None.jpg|{{thumbnav|Jor-El (Earth-95)|Earth-95|[[Superboy Vol 1 95|The Super Family from Krypton!]]|Jor-El}}\nFile:Earth-9 Superman 01.jpg|{{thumbnav|Harvey Dent (Earth-9)|Earth-97|[[Tangent Comics]]|Harvey Dent}}\nFile:Superboy Earth-116 001.jpg|{{thumbnav|Kal-El (Earth-116)|Earth-116|[[Superboy Vol 1 116|The Ordeal of Chief Parker]]|Kal-El}}\nFile:Clark Kent Earth-117.png|{{thumbnav|Kal-El (Earth-117)|Earth-117|[[Superman's Pal, Jimmy Olsen Vol 1 117|Planet of the Capes]]|Clark Kent}}\nFile:Bruce Wayne Earth-136.jpg|{{thumbnav|Bruce Wayne (Earth-136)|Earth-136|[[World's Finest Vol 1 136|The Batman Nobody Remembered]]|Bruce Wayne}}\nImage:Kal-El Earth-148.jpg|{{thumbnav|Kal-El (Earth-148)|Earth-148|[[World's Finest Vol 1 148|Superman and Batman... Outlaws!]]|Clark Kent}}\nFile:Kal-El Earth-149 0001.jpg|{{thumbnav|Kal-El (Earth-149)|Earth-149|[[Superman Vol 1 149|The Death of Superman!]]|Kal-El}}\nImage:Superman Earth-153 0001.jpg|{{thumbnav|Kal-El (Earth-153)|Earth-153|[[World's Finest Vol 1 153|The Clash of Cape and Cowl]]|Kal-El}}\nFile:Superman Sr Earth-154.png|{{thumbnav|Kal-El (Earth-154)|Earth-154|[[Super-Sons]]|Superman, Sr.}}\nFile:Kal-El Jr. 001.jpg|{{thumbnav|Kal-El, Jr. (Earth-154)|Earth-154|[[Super-Sons]]|Superman, Jr.}}\nFile:None.jpg|{{thumbnav|Kal-El (Earth-159)|Earth-159|[[Superman Vol 1 159|Lois Lane's Flight from Earth!]]|Kal-El}}\nFile:Superman Red Blue 001.jpg|{{thumbnav|Kal-El (Earth-162)|Earth-162|[[Superman Red]]/[[Superman Blue|Blue]]|Kal-El}}\nFile:None.jpg|{{thumbnav|Kal-El (Earth-166)|Earth-166|[[Superman Vol 1 166|The Fantastic Story of Superman's Sons!]]|Kal-El}}\nFile:Lex Luthor Earth-167.jpg|{{thumbnav|Lex Luthor (Earth-167)|Earth-167|[[World's Finest Vol 1 167|The New Superman and Batman Team!]]|Lex Luthor}}\nFile:Kal-El Earth-167.jpg|{{thumbnav|Kal-El (Earth-167)|Earth-167|[[World's Finest Vol 1 167|The New Superman and Batman Team!]]|Kal-El}}\nFile:None.jpg|{{thumbnav|Kal-El (Earth-170)|Earth-170|[[Superman Vol 1 170|If Lex Luthor Were Superman's Father!]]|Kal-El}}\nFile:Superboy Earth-172 001.jpg|{{thumbnav|Kal-El (Earth-172)|Earth-172|[[World's Finest Vol 1 172|Batman/Superman: Brothers]]|Kal-El}}\nImage:None.jpg|{{thumbnav|Kal-El (Earth-175)|Earth-175|[[Superman Vol 1 175|Clark Kent's Brother!]]|Clark Kent}}\nFile:Nova Earth-178 001.jpg|{{thumbnav|Kal-El (Earth-178)|Earth-178|[[World's Finest Vol 1 178|The Has-Been Hero]]|Kal-El}}\nFile:Kal-El 184.jpg|{{thumbnav|Kal-El (Earth-184)|Earth-184|[[World's Finest Vol 1 184|Robin's Revenge!]]|Kal-El}}\nFile:None.jpg|{{thumbnav|Kal-El (Earth-192)|Earth-192|[[Superman Vol 1 192|The Brat of Steel!]]|Kal-El}}\nFile:Knor-El.png|{{thumbnav|Knor-El (Earth-200)|Earth-200|[[Superman Vol 1 200|Super-Brother Against Super-Brother!]]|Knor-El}}\nImage:None.jpg|{{thumbnav|Kal-El (Earth-215)|Earth-215|[[Superman Vol 1 215|Lois Lane... Dead... Yet Alive]]|Kal-El}}\nImage:None.jpg|{{thumbnav|Kal-El (Earth-224)|Earth-224|[[Superman Vol 1 224|Beware the Super-Genius Baby!]]|Kal-El}}\nImage:Killer Kent Earth-230 0001.jpg|{{thumbnav|Clark Kent (Earth-230)|Earth-230|[[Superman Vol 1 230|Killer Kent Versus Super Luthor]]|Killer Kent}}\nImage:Lex-El Earth-230 0002.jpg|{{thumbnav|Lex-El (Earth-230)|Earth-230|[[Superman Vol 1 230|Killer Kent Versus Super Luthor]]|Lex-El}}\nFile:Kal-El (Earth-300).jpg|{{thumbnav|Kal-El (Earth-300)|Earth-300|[[Superman Vol 1 300|Superman 2001!]]|Kal-El}}\nFile:Kal-El Earth-353 0001.jpg|{{thumbnav|Kal-El (Earth-353)|Earth-353|[[Superman Vol 1 353|The Secret Origin of Bruce (Superman) Wayne]]|Bruce Wayne}}\nImage:None.jpg|{{thumbnav|Kal-El (Earth-383)|Earth-383|[[Adventure Comics Vol 1 383|Please Stop My Funeral!]]|Kal-El}}\nImage:None.jpg|{{thumbnav|Kal-El (Earth-388)|Earth-388|[[Action Comics Vol 1 388|Puzzle of the Wild World]]|Kal-El}}\nImage:None.jpg|{{thumbnav|Kal-El (Earth-391)|Earth-391|[[Action Comics Vol 1 391|The Punishment of Superman's Son]]|Kal-El}}\nFile:Kal 003.jpg|{{thumbnav|Kal-El (Earth-395)|Earth-395|[[Superman: Kal]]|Kal}}\nFile:Kal-El Earth-399 0001.jpg|{{thumbnav|Kal-El (Earth-399)|Earth-399|[[Action Comics Vol 1 399‎|Superman, You're Dead... Dead... Dead]]|Kal-El}}\nFile:Superman II Earth-399 0001.jpg|{{thumbnav|Superman II (Earth-399)|Earth-399|[[Action Comics Vol 1 399‎|Superman, You're Dead... Dead... Dead]]|Superman II}}\nFile:Superman III Earth-399 0001.jpg|{{thumbnav|Superman III (Earth-399)|Earth-399|[[Action Comics Vol 1 399‎|Superman, You're Dead... Dead... Dead]]|Superman III}}\nImage:None.jpg|{{thumbnav|Kal-El (Earth-404)|Earth-404|[[Superman Vol 1 404|Born To Be Superman!]]|Kal-El}}\nImage:None.jpg|{{thumbnav|Kal-El (Earth-417)|Earth-410|[[Action Comics Vol 1 410|The Satanic Son Of Superman]]|Kal-El}}\nImage:None.jpg|{{thumbnav|Kal-El (Earth-417)|Earth-417|[[Superman Vol 1 417|Warrior of Mars]]|Skagerrak}}\nFile:Kal-El Earth-423 0001.jpg|{{thumbnav|Kal-El (Earth-423)|Earth-423|[[Whatever Happened to the Man of Tomorrow]]|Kal-El}}\nFile:Superman DC Super Friends 001.jpg|{{thumbnav|Kal-El (Earth-508)|Earth-508|[[DC Super Friends]]|Kal-El}}\nFile:Kal-El EFSB.png|{{thumbnav|Kal-El (Earth-1098)|Earth-1098|[[Elseworld's Finest: Supergirl & Batgirl]]|Kal-El}}\nFile:Superman Dark Side 001.jpg|{{thumbnav|Kal-El (Earth-1198)|Earth-1198|[[Superman: Dark Side]]|Kal-El}}\nFile:Superman (Earth-1863) 01.jpg|{{thumbnav|Kal-El (Earth-1863)|Earth-1863|[[A Nation Divided]]|Atticus Kent}}\nFile:Superman 1927 002.jpg|{{thumbnav|Clarc Kent-son (Earth-1927)|Earth-1927|[[Superman's Metropolis]]|Clarc Kent-son}}\nFile:Superman War of the Worlds.jpg|{{thumbnav|Kal-El (Earth-1938)|Earth-1938|[[Superman: War of the Worlds Vol 1 1|War of the Worlds]]|Kal-El}}\nFile:Kal-El Earth-2020 0001.jpg|{{thumbnav|Kal-El (Earth-2020)|Earth-2020|[[Superman Vol 1 354|The Debut of Superman III]]|Kal-El}}\nFile:Jorel Kent Earth-2020 0001.jpg|{{thumbnav|Jorel Kent (Earth-2020)|Earth-2020|[[Superman Vol 1 354|The Debut of Superman III]]|Jorel Kent}}\nFile:Kalel Kent Earth-2020 0002.jpg|{{thumbnav|Kalel Kent (Earth-2020)|Earth-2020|[[Superman Vol 1 354|The Debut of Superman III]]|Kalel Kent}}\nFile:Kal-El SBG.jpg|{{thumbnav|Kal-El (Earth-3839)|Earth-3839|[[Superman & Batman: Generations|Generations]]|Kal-El}}\nImage:Joel Perry Kent SBG.jpg|{{thumbnav|Joel Kent (Earth-3839)|Earth-3839|[[Superman & Batman: Generations|Generations]]|Joel Kent}}\nFile:Superman Secret Society of Superheroes 2.png|{{thumbnav|Kal-El (Earth-5050)|Earth-5050|[[JLA: Secret Society of Super-Heroes]]|Kal-El}}\nFile:Ripper Jones Earth-A.png|{{thumbnav|Ripper Jones (Earth-A)|Earth-A|[[Lawless League]]|Ripper Jones}}\nFile:Super-Squirrel 001.jpg|{{thumbnav|Super-Squirrel (Earth-C-Minus)|Earth-C-Minus|[[Just'a Lotta Animals (Earth-C-Minus)|Just'a Lotta Animals]]|Super-Squirrel}}\nFile:Kal-El Earth-D 001.jpg|{{thumbnav|Kal-El (Earth-D)|Earth-D|[[Justice Alliance]]|Kal-El}}\nFile:Herschel Dockles 001.png|{{thumbnav|Herschel Dockles (Earth-S)|Earth-S|[[Fawcett City]]|Cape-Man}}\n</gallery>\n\n===[[Elseworlds]]===\n<gallery mode=\"packed-hover\">\nFile:Superboy (Pocket Universe).JPG|{{thumbnav|Kal-El (Pocket Universe)|Pocket Universe|[[Time Trapper (Pre-Zero Hour)|Time Trapper]]|Superboy}}\nFile:BlackZero 0002.jpg|{{thumbnav|Black Zero (Hyper-Tension)|Reality Undetermined|[[Hypertime]]|Superman II}}\nFile:All-Star Superman.jpg|{{thumbnav|Kal-El (All-Star Superman)|All-Star Superman|[[All-Star Superman Vol 1|All-Star Superman]]|Kal-El}}\nFile:Superman American Alien Vol 1 5 Textless.jpg|{{thumbnav|Kal-El (American Alien)|American Alien|[[Superman: American Alien Vol 1|American Alien]]|Kal-El}}\nFile:Warlock Royal 005.jpg|{{thumbnav|Gar-El (Legacy)|Elseworlds|[[Action Comics Annual Vol 1 6|Legacy]]|Warlock Royal}}\nFile:Kal-El Legacy 001.jpg|{{thumbnav|Kal-El (Legacy)|Elseworlds|[[Action Comics Annual Vol 1 6|Legacy]]|Kal-El}}\nFile:Superman Super Seven 001.jpg|{{thumbnav|Kal-El (Super Seven)|Elseworlds|[[Super Seven]]|Kal-El}}\nFile:Superman II Super Seven 001.jpg|{{thumbnav|Superboy (Super Seven)|Elseworlds|[[Super Seven]]|Superman II}}\nFile:Superman Unforgiven 001.jpg|{{thumbnav|Kal-El (Unforgiven)|Elseworlds|[[Unforgiven]]|Kal-El}}\nFile:Superman Feral Man of Steel 001.jpg|{{thumbnav|K'L'L (Feral Man of Steel)|Elseworlds|[[Feral Man of Steel]]|K'L'L}}\nFile:Justice League No Rules to Follow 03.jpg|{{thumbnav|Kal-El (No Rules to Follow)|Elseworlds|[[No Rules to Follow]]|Kal-El}}\nFile:Superman The Once and Future League.png|{{thumbnav|Kal-El (Once and Future League)|Elseworlds|[[Once and Future League]]|Kal-El}}\nFile:Perry Ross The Once and Future League.png|{{thumbnav|Perry Ross (Once and Future League)|Elseworlds|[[Once and Future League]]|Perry Ross}}\nFile:Superman DFT5D 01.jpg|{{thumbnav|Kal-El (Doomsday for the Fifth Dimension)|Elseworlds|[[Doomsday for the 5th Dimension]]|Kal-El}}\nFile:Clark Kent Citizen Wayne Chronicles 003.jpg|{{thumbnav|Clark Kent (Citizen Wayne Chronicles)|Elseworlds|[[Batman Chronicles Vol 1 21|Citizen Wayne]]|Clark Kent}}\nFile:Kal-El Holy Terror 001.jpg|{{thumbnav|Kal-El (Holy Terror)|Elseworlds|[[Batman: Holy Terror]]|Kal-El}}\nFile:Superman Earth's End 001.jpg|{{thumbnav|Kal-El (At Earth's End)|Elseworlds|[[At Earth's End]]|Kal-El}}\nFile:Sovereign League of Justice.png|{{thumbnav|Sovereign (League of Justice)|Elseworlds|[[League of Justice]]|Sovereign}}\nFile:Superman Distant Fires.png|{{Thumbnav|Kal-El (Distant Fires)|Elseworlds|[[Distant Fires]]|Kal-El}}\nFile:Batman Speeding Bullets 03.jpg|{{thumbnav|Kal-El (Speeding Bullets)|Elseworlds|[[Speeding Bullets]]|Batman}}\nFile:Superman The Nail.png|{{thumbnav|Kal-El (The Nail)|Elseworlds|[[The Nail]]|Kal-El}}\nFile:Dale Suderman Superman Inc 001.jpg|{{thumbnav|Kal-El (Superman, Inc.)|Elseworlds|[[Superman, Inc.]]|Dale Suderman}}\nFile:Superman Whom Gods Destroy 001.jpg|{{thumbnav|Kal-El (Whom Gods Destroy)|Elseworlds|[[Whom Gods Destroy]]|Kal-El}}\nFile:Superman Last Son of Earth 001.jpg|{{thumbnav|Clark Kent (Last Son of Earth)|Elseworlds|[[Last Son of Earth]]|Green Lantern}}\nFile:Kal-El Son of Superman.png|{{thumbnav|Kal-El (Son of Superman)|Elseworlds|[[Son of Superman]]|Kal-El}}\nFile:Jonathan Kent Son of Superman.png|{{thumbnav|Jonathan Kent (Son of Superman)|Elseworlds|[[Son of Superman]]|Jon Kent}}\nFile:Clark Kent Terra Occulta 001.jpg|{{thumbnav|Kal-El (Terra Occulta)|Elseworlds|[[Planetary/JLA: Terra Occulta|Terra Occulta]]|Clark Kent}}\nFile:Superman True Brit 01.jpg|{{thumbnav|Kal-El (True Brit)|Elseworlds|[[True Brit]]|Kal-El}}\nFile:Superman Act of God 01.jpg|{{thumbnav|Kal-El (Act of God)|Elseworlds|[[JLA: Act of God]]|Kal-El}}\nFile:Superman Created Equal 01.jpg|{{thumbnav|Kal-El (Created Equal)|Elseworlds|[[JLA: Created Equal]]|Kal-El}}\nFile:Klaus Kant Superman Monster 0001.jpg|{{thumbnav|Klaus Kant (Superman Monster)|Elseworlds|[[Superman Monster]]|Klaus Kant}}\nFile:Superman Detective 27 001.jpg|{{thumbnav|Kal-El (Detective No. 27)|Elseworlds|[[Detective No. 27]]|Kal-El}}\nFile:Lois Lane Rockumentary.jpg|{{thumbnav|Clark Kent (Rockumentary)|Elseworlds|[[Rockumentary]]|Clark Kent}}\nFile:Superman Scandalgate.png|{{thumbnav|Kal-El (Scandalgate)|Elseworlds|[[Elseworlds 80-Page Giant Vol 1 1|Scandalgate]]|President Superman}}\nFile:Superman Dark Knight of the Golden Kingdom.png|{{thumbnav|Kal-El (Dark Knight of the Golden Kingdom)|Elseworlds|[[Elseworlds 80-Page Giant Vol 1 1|Dark Knight of the Golden Kingdom]]|Kal-El}}\nFile:Superman Worlds Apart.png|{{thumbnav|Kal-El (Worlds Apart)|Elseworlds|[[Elseworlds 80-Page Giant Vol 1 1|Worlds Apart]]|Kal-El}}\nFile:Superman Elseworlds Finest.png|{{thumbnav|Kal-El (Elseworld's Finest)|Elseworlds|[[Elseworld's Finest]]|Kal-El}}\nFile:Superman Doom Link 001.jpg|{{thumbnav|Kal-El (Doom Link)|Elseworlds|[[Doom Link]]|Kal-El}}\nFile:Superman Age of Wonder 001.png|{{thumbnav|Kal-El (Age of Wonder)|Elseworlds|[[JLA: Age of Wonder]]|Kal-El}}\nFile:Superman Batman Lobo 001.png|{{thumbnav|Kal-El (Batman/Lobo)|Elseworlds|[[Batman/Lobo]]|Kal-El}}\nFile:Kal-El Riddle of the Beast 001.jpg|{{thumbnav|Kal-El (Riddle of the Beast)|Elseworlds|[[Riddle of the Beast]]|King Kal-El}}\nFile:Hoshi Shogun of Steel 001.jpg|{{thumbnav|Kal-El (Shogun of Steel)|Elseworlds|[[Shogun of Steel]]|Hoshi}}\nFile:Superman Secret Identity Vol 1 2 Textless.jpg|{{thumbnav|Clark Kent (Secret Identity)|Elseworlds|[[Superman: Secret Identity|Secret Identity]]|Clark Kent}}\nFile:Superman Justice 001.jpg|{{thumbnav|Kal-El (Justice)|Elseworlds|[[Justice Vol 1|Justice]]|Kal-El}}\nFile:Last Family of Krypton 003.jpg|{{thumbnav|Kal-El (Last Family of Krypton)|Elseworlds|[[Last Family of Krypton]]|Kal-El}}\nFile:Kal-El Strange Visitor.jpg|{{thumbnav|Kal-El (Strange Visitor)|Elseworlds|[[Adventures of Superman Vol 2|Strange Visitor]]|Kal-El}}\nFile:Superman Lil Gotham 001.jpg|{{thumbnav|Kal-El (Lil Gotham)|Lil Gotham|[[Lil Gotham]]|Kal-El}}\nFile:Superman Batman Noël 0001.jpg|{{thumbnav|Kal-El (Batman: Noël)|Batman: Noël|[[Batman: Noël]]|Kal-El}}\nFile:Superman The Coming of the Supermen 0001.jpg|{{thumbnav|Kal-El (The Coming of the Supermen)|The Coming of the Supermen|[[Superman: The Coming of the Supermen Vol 1|Superman: The Coming of the Supermen]]|Kal-El}}\nFile:Maj-Ar The Coming of the Supermen 0001.jpg|{{thumbnav|Maj-Ar (The Coming of the Supermen)|The Coming of the Supermen|[[Superman: The Coming of the Supermen Vol 1|Superman: The Coming of the Supermen]]|Maj-Ar}}\nFile:Tan-Em The Coming of the Supermen 0001.jpg|{{thumbnav|Tan-Em (The Coming of the Supermen)|The Coming of the Supermen|[[Superman: The Coming of the Supermen Vol 1|Superman: The Coming of the Supermen]]|Tan-Em}}\nFile:Vor-Em The Coming of the Supermen 0001.jpg|{{thumbnav|Vor-Em (The Coming of the Supermen)|The Coming of the Supermen|[[Superman: The Coming of the Supermen Vol 1|Superman: The Coming of the Supermen]]|Vor-Em}}\nFile:Kal-El Last Knight on Earth 0001.jpg|{{thumbnav|Kal-El (Last Knight on Earth)|DC Black Label|[[Batman: Last Knight on Earth Vol 1|Batman: Last Knight on Earth]]|Kal-El}}\nFile:Kal-El Clone Last Knight on Earth 0001.jpg|{{thumbnav|Kal-El clone (Last Knight on Earth)|DC Black Label|[[Batman: Last Knight on Earth Vol 1|Batman: Last Knight on Earth]]|Kal-El (clone)}}\nFile:Kal-El Wonder Woman Dead Earth 0001.jpg|{{thumbnav|Kal-El (Wonder Woman: Dead Earth)|DC Black Label|[[Wonder Woman: Dead Earth]]|Kal-El}}\nFile:Kal-L Superman Smashes the Klan 001.jpg|{{thumbnav|Kal-El (Superman Smashes the Klan)|DC Zoom|[[Superman Smashes the Klan]]|Kal-L}}\nFile:Superman Earth Whatever 0001.jpg|{{thumbnav|Kal-El (Earth Whatever)|Earth Whatever|[[Catwoman Vol 3 77|Waking Up On the Wrong Side of the Universe]]|Kal-El}}\nFile:Superboy Last Laugh 0001.jpg|{{thumbnav|Kal-El (Last Laugh)|DC House of Horror|[[Last Laugh]]|Superboy}}\nFile:Superman Blackest Day 0001.jpg|{{thumbnav|Kal-El (Blackest Day)|DC House of Horror|[[Blackest Day]]|Kal-El}}\nFile:Kal-El Bump in the Night 0001.jpg|{{thumbnav|Kal-El (Bump in the Night)|DC House of Horror|[[Bump in the Night]]|Kal-El}}\nFile:Kal-El The Beginning 001.jpg|{{thumbnav|Kal-El (The Beginning)|DC Love Is a Battlefield|[[DC Love Is a Battlefield Vol 1 1|The Beginning]]|Kal-El}}\nFile:Restoration Pods The Beginning 001.jpg|{{thumbnav|Superboy-Prime (The Beginning)|DC Love Is a Battlefield|[[DC Love Is a Battlefield Vol 1 1|The Beginning]]|Kal-El}}\nFile:Kal-El Kill the Batman 0001.jpg|{{thumbnav|Kal-El (Kill the Batman)|Elseworlds|[[Kill the Batman]]|Kal-El}}\nFile:Kal-El Two Fell Into the Hornet's Nest 0001.jpg|{{thumbnav|Kal-El (Two Fell Into the Hornet's Nest)|Elseworlds|[[Two Fell Into the Hornet's Nest]]|Kal-El}}\n</gallery>\n\n===[[Alternate Timelines]]===\n<gallery mode=\"packed-hover\">\nFile:Superman World Without Young Justice 001.jpg|{{thumbnav|Kal-El (World Without Young Justice)|Alternate Timelines|[[World Without Young Justice]]|Kal-El}}\nFile:Superman Anansi timeline.jpg|{{thumbnav|Kal-El (Anansi Timeline)|Alternate Timeline|[[Anansi Timeline]]|Kal-El}}\nFile:Flashpoint - Project Superman Vol 1 3 Textless.jpg|{{thumbnav|Kal-El (Flashpoint Timeline)|Alternate Timeline|[[Flash: Flashpoint|Flashpoint]]|Subject One}}\nFile:Neil_Sinclair_Flashpoint_0001.JPG|{{thumbnav|Neil Sinclair (Flashpoint Timeline)|Alternate Timelines|[[Flash: Flashpoint|Flashpoint]]|Neil Sinclair}}\nFile:Kal-El Booster Shot Timeline 0001.jpg|{{thumbnav|Kal-El (Booster Shot Timeline)|Alternate Timelines|[[Booster Shot Timeline]]|Kal-El}}\n</gallery>\n\n===[[Possible Futures]]===\n<gallery mode=\"packed-hover\">\nFile:Kal-El Booster Shot Future 0001.jpg|{{thumbnav|Kal-El (Booster Shot Future)|Possible Futures|[[Booster Shot Future]]|Kal-El}}\nFile:Klar Ken T5477 01.jpg|{{thumbnav|Klar Ken T5477 (Earth-One)|Possible Futures|[[Superman Vol 1 181|Earth-One]]|Superman XX}}\nFile:Kal-El Celebration 001.jpg|{{thumbnav|Kal-El (Celebration)|Possible Futures|[[Superman Family Vol 1 200|Celebration]]|Kal-El}}\nFile:None.jpg|{{thumbnav|Kal-El (Futuresmiths)|Possible Futures|[[Futuresmiths]]|Kal-El}}\nFile:Kon-El Batman in Bethlehem.png|{{thumbnav|Kon-El (Batman in Bethlehem)|Possible Futures|[[Batman in Bethlehem]]|Conner Kent}}\nFile:Kal-El Batman in Bethlehem 0001.jpg|{{thumbnav|Kal-El (Batman in Bethlehem)|Possible Futures|[[Batman in Bethlehem]]|Kal-El}}\nFile:Jonathan Samuel Kent Batman in Bethlehem 0001.jpg|{{thumbnav|Jonathan Samuel Kent (Batman in Bethlehem)|Possible Futures|[[Batman in Bethlehem]]|Jonathan Samuel Kent}}\nFile:Jonathan Lane Kent Futures End 0001.jpg|{{thumbnav|Jonathan Lane Kent (Futures End)|Possible Futures|Jonathan Lane Kent}}\nFile:Superman Batman Beyond.png|{{thumbnav|Kal-El (Hush Beyond)|Possible Futures|[[Batman Beyond Vol 3|Hush Beyond]]|Kal-El}}\nFile:Richard Kent Shakespeare SupBat 80.jpg|{{thumbnav|Richard Kent Shakespeare (Pre-Zero Hour)|Possible Futures|[[Pre-Zero Hour]]|Kent Shakespeare}}\nFile:Superman Clark Kent Titans Tomorrow 0001.jpg|{{thumbnav|Kal-El (Titans Tomorrow)|Possible Futures|[[Titans Tomorrow]]|Kal-El}}\nFile:Teen Titans Vol 6 15 Textless Variant.jpg|{{thumbnav|Kon-El clone (Titans Tomorrow)|Possible Futures|[[Titans Tomorrow]]|Conner Kent}}\nFile:Superman Jon Kent Titans Tomorrow 0001.jpg|{{thumbnav|Jonathan Samuel Kent (Titans Tomorrow)|Possible Futures|[[Titans Tomorrow]]|Jon Kent}}\nFile:Superman Sorcerer Kings 001.jpg|{{thumbnav|Kal-El (Sorcerer Kings)|Possible Futures|[[Sorcerer Kings]]|Kal-El}}\nFile:Kal Kent 01.jpg|{{thumbnav|Kal Kent (DC One Million)|Possible Futures|[[DC One Million]]|Kal Kent}}\nFile:Superman Prime.jpg|{{thumbnav|Kal-El (DC One Million)|Possible Futures|[[DC One Million]]|Superman-Prime}}\nFile:Superman LotDE 01.jpg|{{thumbnav|Kaleb of Hydros (Legends of the Dead Earth)|Possible Futures|[[Legends of the Dead Earth]]|Kaleb of Hydros}}\nFile:Willigig 01.jpg|{{thumbnav|Willigig (Legends of the Dead Earth)|Possible Futures|[[Legends of the Dead Earth]]|Willigag}}\nFile:Superman Justice League 3000 001.jpg|{{thumbnav|Kal-El (Justice League 3000)|Possible Futures|[[Justice League 3000]]|Kal-El}}\nFile:Kal-El (Futures End) 001.jpg|{{thumbnav|Kal-El (Futures End)|Possible Futures|[[Futures End]]|Kal-El}}\nFile:Kal-El (Futures End) 002.jpg|{{thumbnav|Billy Batson (Futures End)|Possible Futures|[[Futures End]]|Billy Batson}}\nFile:Kal_El_The_New_Order_0001.JPG|{{thumbnav|Kal-El (The New Order)|Possible Futures|[[Nightwing: The New Order]]|Kal-El}}\nFile:Kal-El Once and Future 0001.jpg|{{thumbnav|Kal-El (Once and Future)|Possible Futures|[[Once and Future]]|Kal-El}}\nFile:Future State Superman Worlds of War Vol 1 1 Textless Exclusive Bulletproof Comics Variant.jpg|{{thumbnav|Kal-El (Future State)|Possible Futures|[[Future State]]|Clark Kent}}\nFile:Future State Superman of Metropolis Vol 1 1 Textless Variant.jpg|{{thumbnav|Jonathan Samuel Kent (Future State)|Possible Futures|[[Future State]]|Jon Kent}}\nFile:Kal Kent Future State 0001.jpg|{{thumbnav|Kal Kent (Future State)|Possible Futures|[[Future State]]|Kal Kent}}\nFile:Kon-El Future State 0001.jpg|{{thumbnav|Kon-El (Future State)|Possible Futures|[[Future State]]|Conner Kent}}\nFile:Crime Syndicate Future State Earth 3 0001.jpg|{{thumbnav|Kal-Il (Future State: Earth 3)|Possible Futures|[[Future State]]|Ultraman}}\nFile:Brandon Kent Future State 0002.jpg|{{thumbnav|Brandon Kent (Future State)|Possible Futures|[[Future State]]|Brandon Kent}}\nFile:Ronan Kent Future State 0001.jpg|{{thumbnav|Ronan Kent (Future State)|Possible Futures|[[Future State]]|Ronan Kent}}\nFile:Kal-El The Birds of Christmas Past, Present and Future 0001.jpg|{{thumbnav|Kal-El (The Birds of Christmas Past, Present and Future)|Possible Futures|[[The Birds of Christmas Past, Present and Future]]|Kal-El}}\nFile:Superman & Wonder Woman Where the Light Cannot Reach 0001.jpg|{{thumbnav|Kal-El (Where the Light Cannot Reach)|Possible Futures|[[Where the Light Cannot Reach]]|Kal-El}}\n</gallery>\n\n===Miscellaneous===\n<gallery mode=\"packed-hover\">\nFile:Clark Kent Lois Lane's Superdream.png|{{thumbnav|Clark Kent (Lois Lane's Super-Dream)|Imaginary Stories|[[Superman Vol 1 125|Lois Lane's Super-Dream]]|Clark Kent}}\nFile:Realworlds Superman.jpg|{{thumbnav|Edward Dial (Realworlds)|Realworlds|[[Realworlds: Superman]]|Eddie Dial}}\nFile:Michael Reilly Realworlds 001.jpg|{{thumbnav|Michael Reilly (Realworlds)|Realworlds|[[Realworlds: Justice League of America|Realworlds: JLA]]|Mike Reilly}}\nFile:Superman Just Imagine 001.jpg|{{thumbnav|Salden (Just Imagine)|Just Imagine...|[[Just Imagine: Superman]]|Salden}}\nFile:Superman (Cosmic Adventures).jpg|{{thumbnav|Kal-El (Cosmic Adventures)|Johnny DC|[[Cosmic Adventures]]|Kal-El}}\nFile:Kal-El Tiny Titans 001.png|{{thumbnav|Kal-El (Tiny Titans)|Johnny DC|[[Tiny Titans Vol 1|Tiny Titans]]|Kal-El}}\nFile:Bizarro Tiny Titans 002.jpg|{{thumbnav|Bizarro (Tiny Titans)|Johnny DC|[[Tiny Titans]]|Bizarro Superman}}\nFile:Negative Superman Tiny Titans 0002.jpg|{{thumbnav|Clark Kant (Tiny Titans)|Johnny DC|[[Tiny Titans]]|Negative Superman}}\nFile:Purple Superman Tiny Titans 0001.jpg|{{thumbnav|Otis (Tiny Titans)|Johnny DC|[[Tiny Titans]]|Purple Superman}}\nFile:Prym-El Tiny Titans 002.jpg|{{thumbnav|Prym-El (Tiny Titans)|Johnny DC|[[Tiny Titans]]|Superman Pryme}}\nFile:Kal-El Scribblenauts 001.png|{{thumbnav|Kal-El (Scribblenauts)|Video Games|[[Scribblenauts Unmasked: A DC Comics Adventure]]|Kal-El}}\nFile:Kal-El Scooby-Doo Team-Up 001.jpg|{{thumbnav|Kal-El (Scooby-Doo Team-Up)|Scooby-Doo! Team-Up|[[Scooby-Doo! Team-Up]]|Kal-El}}\nFile:Clark Kent (Amalgam Universe) 002.png|{{thumbnav|Clark Kent (Amalgam Universe)|Amalgam Universe|Superman/[[w:c:marvel:Captain America|Captain America]]|Super-Soldier}}\nFile:Lil Superman 001.jpg|{{thumbnav|Li'l Superman (Li'l Leaguers)|Li'l Leaguers||Li'l Superman}}\nFile:Superman Bombshells.jpg|{{thumbnav|Kal-El (DC Bombshells)|DC Bombshells|Pulp Heroines|Kal-El}}\nFile:Kal-El Super Sons 001.jpg|{{thumbnav|Kal-El (Super Sons)|Super Sons|[[Super Sons Vol 2|Super Sons]]|Kal-El}}\n\nFile:Kal-L Superman Smashes the Klan 001.jpg|{{thumbnav|Kal-El (Superman Smashes the Klan)|DC Zoom|[[Superman Smashes the Klan]]|Kal-El}}\n</gallery>\n\n==Other Media==\n<gallery mode=\"packed-hover\">\nImage:Clark Kent 1941 Superman Cartoons 001.jpg‎|{{thumbnav|Clark Kent (1941 Superman Cartoons)|Other Media|[[Superman (1941 Animated Serial)]]|Clark Kent}}\nFile:Kal-El Superman Serials 0001.jpg|{{thumbnav|Kal-El (Superman Serials)|Other Media|[[Superman Serials]]|Kal-El}}\nImage:George Reeves Superman.jpg|{{thumbnav|Kal-El (Adventures of Superman)|Other Media|[[Adventures of Superman (TV Series)|Adventures of Superman]]|Kal-El}}\nImage:Superman NAOS 001.jpg|{{thumbnav|Kal-El (Filmation Adventures)|Other Media|[[New Adventures Of Superman]]|Kal-El}}\nImage:Superman - Super Friends 01.jpg|{{thumbnav|Kal-El (Super Friends)|Other Media|[[Super Friends (TV Series)|Super Friends]]|Kal-El}}\nFile:David Wilson Mug.jpg|{{thumbnav|Kal-El (It's a Bird...It's a Plane...It's Superman)|Other Media|[[It's a Bird...It's a Plane...It's Superman]]|Kal-El}}\nFile:Kal-El Atari 2600 001.jpg|{{thumbnav|Kal-El (Atari 2600 Superman)|Video Games|[[Superman (Atari 2600)|Atari 2600]]|Kal-El}}\nImage:Superman Chris Reeve 01.jpg|{{thumbnav|Kal-El (Donnerverse)|Donnerverse|[[Richard Donner]]/[[Richard Lester]] movies|Kal-El}}\nImage:Kal-El Ruby-Spears 001.jpg|{{thumbnav|Kal-El (Superman 1988 TV Series)|Other Media|[[Superman (1988 TV Series)]]|Kal-El}}\nFile:Superboy - TV Series.jpg|{{thumbnav|Kal-El (Superboy TV Series)|Other Media|[[Superboy (TV Series)]]|Superboy}}\nFile:Superman (Superboy TV series).jpg|{{thumbnav|Kal-El (Superboy TV Series: Superman's Earth)|Other Media|[[Superboy (TV Series)]]|Superman}}\nFile:Kal-El (Superboy- Roads Not Taken).jpg|{{thumbnav|Kal-El (Superboy TV Series: Roads Not Taken)|Superboy (TV Series)|[[Superboy (TV Series) Episode: Roads Not Taken, Part I|Roads Not Taken]]|Superboy}}\nFile:Kal-El (Superboy- Sovereign's Earth).jpg|{{thumbnav|Kal-El (Superboy TV Series: Sovereign's Earth)|Superboy (TV Series)|[[Superboy (TV Series) Episode: Roads Not Taken, Part II|Roads Not Taken]]|Sovereign}}\nFile:Kal-El Superboy Road To Hell 0001.jpg|{{thumbnav|Kal-El (Superboy TV Series: Road To Hell)|TV Series|[[Superboy (TV Series) Episode: The Road to Hell, Part I|Superboy: The Road to Hell]]|Kal-El}}\nImage:Kal-El DCAU 001.jpg|{{thumbnav|Kal-El (DCAU)|DCAU|[[DC Animated Universe]]|Kal-El}}\nImage:None.jpg|{{thumbnav|Kal-El (DCAU: Family Reunion)|DCAU|[[Superman Adventures Vol 1 30|Family Reunion]]|Kal-El}}\nFile:Kal-El DCAU Brave New Metropolis 0001.png|{{Thumbnav|Kal-El (DCAU: Brave New Metropolis)|DCAU|[[Superman (1996 TV Series) Episode: Brave New Metropolis|Brave New Metropolis]]|Kal-El}}\nImage:Batman Beyond Universe Vol 1 12 Textless.jpg|{{thumbnav|Kal-El (DCAU: A Better World)|DCAU|[[Justice League (TV Series) Episode: A Better World, Part I|A Better World]]|Kal-El}}\nImage:Kal-El Lois & Clark.jpg|{{thumbnav|Kal-El (Lois & Clark)|TV Series|[[Lois & Clark: The New Adventures of Superman (TV Series)|Lois & Clark: The New Adventures of Superman]]|Kal-El}}\nImage:Superman Tempus Anyone.jpg|{{thumbnav|Kal-El (Lois & Clark: Tempus Anyone?)|TV Series|[[Lois & Clark: The New Adventures of Superman (TV Series) Episode: Tempus Anyone?|Lois & Clark: Tempus Anyone?]]|Kal-El}}\nImage:Kal El Smallville 001.jpg|{{thumbnav|Clark Kent (Smallville)|TV Series|[[Smallville (TV Series)|Smallville]]|Clark Kent}}\nImage:Clark Luthor Smallville.jpg|{{thumbnav|Kal-El (Smallville Earth-2)|TV Series|[[Smallville (TV Series)|Smallville]]|Clark Luthor}}\nImage:Clark Kent Apokalypse Smallville 001.jpg|{{thumbnav|Clark Kent (Smallville: Apocalypse)|TV Series|[[Smallville (TV Series)|Smallville: Apocalypse]]|Clark Kent}}\nImage:Kal-El (Smallville Pandora) 001.jpg|{{thumbnav|Kal-El (Smallville: Pandora)|TV Series|[[Smallville (TV Series)|Smallville: Pandora]]|Clark Kent}} \nFile:Kal-El Smallville Lexmas 0001.jpg|{{thumbnav|Kal-El (Smallville: Lexmas)|TV Series|[[Smallville (TV Series)|Smallville: Lexmas]]|Clark Kent}}\nFile:Kal-El Brainiac Attacks 001.jpg|{{thumbnav|Kal-El (Brainiac Attacks)|Movies|[[Superman: Brainiac Attacks]]|Kal-El}}\nFile:Superman The Batman.jpg|{{thumbnav|Kal-El (The Batman TV Series)|Other Media|[[The Batman (TV Series)|The Batman]]|Kal-El}}\nImage:Legion Animated (Seas 2).jpg|{{thumbnav|Kal-El (Legion of Super-Heroes TV Series)|Other Media|[[Legion of Super-Heroes (TV Series)|Legion of Super-Heroes]]|Kal-El}}\nImage:Superman X 01.JPG|{{thumbnav|Kell-El (Legion of Super-Heroes TV Series)|Other Media|[[Legion of Super-Heroes (TV Series)|Legion of Super-Heroes]]|Superman X}}\nImage:Kal-El Superman Returns 0001.jpg|{{thumbnav|Kal-El (Superman Returns)|Other Media|[[Superman Returns (Movie)|Superman Returns]]|Kal-El}}\nFile:Superman Teen Titans.png|{{thumbnav|Kal-El (Teen Titans TV Series)|Teen Titans|[[Teen Titans Go! Vol 1|Teen Titans Go!]]|Kal-El}}\nFile:Superman JLH 001.jpg|{{thumbnav|Kal-El (Justice League Heroes)|Video Games|[[Justice League Heroes]]|Kal-El}}\nFile:Kal-El BTBATB 002.png|{{thumbnav|Kal-El (The Brave and the Bold)|Batman: The Brave and the Bold||Kal-El}}\nImage:Kal-El Superman Doomsday.png|{{thumbnav|Kal-El (Superman: Doomsday)|DCUAOM|[[Superman: Doomsday]]|Kal-El}}\nImage:Superman-apocalypse.jpg|{{thumbnav|Kal-El (Superman/Batman)|DCUAOM|[[Superman/Batman: Apocalypse]]|Kal-El}}\nImage:Superman Crisis on Two Earths.jpg|{{thumbnav|Kal-El (Crisis on Two Earths)|DCUAOM|[[Justice League: Crisis on Two Earths]]|Kal-El}}\nImage:Superman-kryptosuperdog.jpg|{{thumbnav|Kal-El (Krypto the Superdog)|Other Media|[[Krypto the Superdog (TV Series)|Krypto the Superdog]]|Kal-El}}\nImage:Kal-El Return of Black Adam.png|{{thumbnav|Kal-El (Return of Black Adam)|DCUAOM|[[Superman/Shazam!: The Return of Black Adam|The Return of Black Adam]]|Kal-El}}\nFile:Superman MKVSDC.jpg|{{thumbnav|Kal-El (Mortal Kombat vs. DC Universe)|MK vs DC|[[Mortal Kombat vs. DC Universe]]|Kal-El}}\nFile:Kal-El Arkhamverse 0001.jpg|{{thumbnav|Kal-El (Arkhamverse)|Arkhamverse|[[Batman: Arkham Knight]]|Kal-El}}\nImage:Kal-El DCUO 001.jpg|{{thumbnav|Kal-El (DC Universe Online)|Video Games|[[DC Universe Online]]|Kal-El}}\nFile:Kal-Il DC Universe Online Earth 3 0001.jpg|{{thumbnav|Kal-Il (DC Universe Online: Earth 3)|Video Games|[[DC Universe Online]]|Ultraman}}\nFile:Superman Joker's Playhouse 001.jpg|{{thumbnav|Kal-El (Joker's Playhouse)|Other Media|[[Joker's Playhouse (Movie)|Joker's Playhouse]]|Kal-El}}\nFile:LEGO Super man.jpg|{{thumbnav|Kal-El (Lego Batman)|Lego Batman|[[Lego Batman 2: DC Super Heroes]]|Superman}}\nFile:Ultraman (Lego Batman) 001.jpg|{{thumbnav|Kal-Il (Lego Batman: Earth 3)|Lego Batman|[[Lego DC Super-Villains]]|Ultraman}}\nFile:Superman Lex Luthor Lego Batman 0001.png|{{thumbnav|Lex Luthor (Lego Batman)|Lego Batman|[[Lego DC Super-Villains]]|Lex Luthor}}\nFile:Superman (Lego DC Heroes) 01.jpg|{{thumbnav|Kal-El (Lego DC Heroes)|Lego Batman|[[Lego DC Heroes]]|Kal-El}}\nFile:Kal-El The Lego Movie 0001.jpg|{{thumbnav|Kal-El (The Lego Movie)|The Lego Movie|[[The Lego Batman Movie]]|Kal-El}}\nFile:Superman Doom 001.png|{{thumbnav|Kal-El (Doom)|DCUAOM|[[Justice League: Doom (Movie)|Justice League: Doom]]|Kal-El}}\nFile:Superman (Super Best Friends Forever).png|{{thumbnav|Kal-El (Super Best Friends Forever)|Other Media|[[Super Best Friends Forever]]|Kal-El}}\nFile:Superman Superman vs The Elite 001.jpg|{{thumbnav|Kal-El (Superman vs. The Elite)|DCUAOM|[[Superman vs. The Elite|Superman vs. The Elite]]|Kal-El}}\nFile:Kal-El (Injustice Gods Among Us) 001.png|{{thumbnav|Kal-El (Injustice: Earth One)|Video Games|[[Injustice: Earth One]]|Superman}}\nFile:Superman(Injustice_The_Regime).png|{{thumbnav|Kal-El (Injustice)|Video Games|[[Injustice: Earth One]]|Superman}}\nFile:Supermanatee (Farm League).JPG|{{thumbnav|Supermanatee (Farm League)|Other Media|[[DC Nation's Farm League (Shorts)]]|Supermanatee}}\nFile:Kal-El Unbound 001.jpg|{{thumbnav|Kal-El (Unbound)|DCUAOM|[[Superman: Unbound]]|Superman}}\nImage:Superman Dawn of Justice.jpg|{{thumbnav|Kal-El (DC Extended Universe)|DC Extended Universe|[[Man of Steel (Movie)|Man of Steel]]|Kal-El}}\nFile:Kal-El_(Tales_of_Metropolis_Shorts).JPG|{{thumbnav|Kal-El (Tales of Metropolis Shorts)|Other Media|[[Tales of Metropolis (Shorts)]]|Superman}}\nFile:Kal-El_(World's_Funniest_Shorts).JPG|{{thumbnav|Kal-El (World's Funnest Shorts)|Other Media|[[World's Funnest (Shorts)]]|Superman}}\nFile:Krypto (Super Pets).JPG|{{thumbnav|Kal-El (Super Pets)|Other Media|[[DC Super-Pets! (Shorts)|DC Super-Pets!]]|Kal-El}}\nFile:Superman JLFP Altered 001.jpg|{{thumbnav|Kal-El (Flashpoint Paradox)|DCUAOM|[[Justice League: The Flashpoint Paradox|Justice League: Flashpoint Paradox]]|Kal-El}}\nFile:Superman Trapped in Time 001.jpg|{{thumbnav|Kal-El (Trapped In Time)|Other Media|[[JLA Adventures: Trapped In Time (Movie)|JLA Adventures: Trapped In Time]]|Kal-El}}\nFile:Superman War 001.jpg|{{thumbnav|Kal-El (DC Animated Movie Universe)|DCUAOM|[[Justice League: War (Movie)|Justice League: War]]|Kal-El}}\nFile:Son of Zod Gods and Monsters 0001.jpg|{{thumbnav|Son of Zod (Gods and Monsters)|DCUAOM|[[Justice League: Gods and Monsters]]|Son of Zod}}\nFile:Kal-El Supergirl TV Series 0002.jpg|{{thumbnav|Kal-El (Arrowverse: Earth-38)|Arrowverse|[[Supergirl (TV Series)|Earth-38]]|Kal-El}}\nFile:Lois Lane Arrow Earth-75 0001.jpg|{{thumbnav|Superman (Arrowverse: Earth-75)|Arrowverse|[[Arrowverse: Earth-75|Earth-75]]|Superman}}\nFile:Kal-El Arrow Earth-96 0001.jpg|{{thumbnav|Kal-El (Arrowverse: Earth-96)|Arrowverse|[[Arrowverse: Earth-96|Earth-96]]|Kal-El}}\nFile:Kal-El Arrow Earth-99 0001.jpg|{{thumbnav|Kal-El (Arrowverse: Earth-99)|Arrowverse|[[Arrowverse: Earth-99|Earth-99]]|Kal-El}}\nFile:Kal-El Arrowverse Earth-167 0001.jpg|{{thumbnav|Kal-El (Arrowverse: Earth-167)|Arrowverse|[[Arrowverse: Earth-167|Earth-167]]|Kal-El}}\nFile:Kal-El_DC_Legends_0001.PNG|{{thumbnav|Kal-El (DC Legends)|Video Games|[[DC Legends]]|Kal-El}}\nFile:Kal-Il DC Legends Earth-3 0001.jpg|{{thumbnav|Kal-Il (DC Legends: Earth-3)|Video Games|[[DC Legends]]|Ultraman}}\nFile:Superman DC Super Hero Girls 0001.jpg|{{thumbnav|Kal-El (DC Super Hero Girls)|Other Media|[[DC Super Hero Girls (Shorts)|DC Super Hero Girls]]|Kal-El}}\nFile:Kal-El DC Super Friends 0001.jpg|{{thumbnav|Kal-El (DC Super Friends Web Series)|Other Media|[[DC Super Friends (Web Series)|DC Super Friends]]|Kal-El}}\nFile:Kal-El Justice League Action 0009.jpg|{{thumbnav|Kal-El (Justice League Action)|Other Media|[[Justice League Action]]|Kal-El}}\nFile:Kal-EL DC Super Hero Girls TV Series 0001.jpg|{{thumbnav|Kal-El (DC Super Hero Girls TV Series)|TV Series|[[DC Super Hero Girls (TV Series)]]|Kal-El}}\nFile:Kal-El DC Unchained 0001.jpg|{{thumbnav|Kal-El (DC Unchained)|Video Games|[[DC Unchained]]|Kal-El}}\nFile:Kal-El Harley Quinn TV Series 0001.jpg|{{thumbnav|Kal-El (Harley Quinn TV Series)|TV Series|[[Harley Quinn (TV Series)|Harley Quinn]]|Kal-El}}\nFile:Kal-L Superman Red Son Movie 0001.jpg|{{thumbnav|Kal-L (Superman: Red Son Movie)|DCUAOM|[[Superman: Red Son (Movie)|Superman: Red Son]]|Kal-L}}\nFile:Kal-El Man of Tomorrow 0001.jpg|{{thumbnav|Kal-El (Man of Tomorrow)|DCUAOM|[[Superman: Man of Tomorrow (Movie)|Superman: Man of Tomorrow]]|Kal-El}}\nFile:Kal-L Man of Tomorrow Earth-2 0001.png|{{thumbnav|Kal-L (Man of Tomorrow: Earth-2)|DCUAOM|[[Justice Society: World War II (Movie)|Justice Society: World War II]]|Kal-L}}\nFile:Kal-El Batman Under the Red Hood 0001.jpg|{{thumbnav|Kal-El (Batman: Under the Red Hood)|DCUAOM|[[DC Showcase: Batman: Death in the Family|Batman: Death in the Family]]|Kal-El}}\n</Gallery>\n\n==Comics==\n''See Also: [[:Category:Superman Titles|Superman Titles]]''\n<gallery mode=\"packed-hover\">\nFile:Adventures of Superman Vol 1 424.jpg|{{cvd|Adventures of Superman Vol 1}}\nFile:All-Star Superman 01.jpg|{{cvd|All-Star Superman Vol 1}}\nFile:Batman_Superman_Vol_1_1.jpg|{{cvd|Batman/Superman Vol 1}}\nFile:The Man of Steel 1A.jpg|{{cvd|The Man of Steel Vol 1}}\nFile:Superman v.1 1.jpg|{{cvd|Superman Vol 1}}\nFile:Superman Vol 2 1.jpg|{{cvd|Superman Vol 2}}\nFile:Superman Vol 3 1.jpg|{{cvd|Superman Vol 3}}\nFile:Superman Vol 4 1.jpg|{{cvd|Superman Vol 4}}\nFile:Superman Vol 5 1.jpg|{{cvd|Superman Vol 5}}\nFile:Superman Man of Steel Vol 1 1.jpg|{{cvd|Superman: The Man of Steel Vol 1}}\nFile:Superman-Batman 01.jpg|{{cvd|Superman/Batman Vol 1}}\n</gallery>\n\n| SeeAlso                 = \n\n}}\n{{Justice League}}\n{{Legion of Super-Heroes}}\n{{Superman}}\n[[nl:Superman]]\n[[Category:Superman| ]]"